SCRIP_CD,scrip_id,Scrip_Name,ISIN_NUMBER,GROUP,first_trade
540023,COLORCHIPS,Colorchips New Media Ltd,INE621I01042,X,2016-08
540026,LAHL,Ladam Affordable Housing Ltd,INE213U01019,X,2016-09
540062,GOLDENCREST,Golden Crest Education & Services Ltd,INE222U01010,X,2016-08
540066,AMS,AMS Polymers Ltd,INE345U01019,XT,2016-09
540072,SHIVAEXPO,Shiva Granito Export Ltd,INE191V01015,MT,2016-09
540078,MITSU,Mitsu Chem Plast Ltd,INE317V01016,X,2016-09
540079,SPRAYKING,Sprayking Ltd,INE537U01037,B,2016-09
540082,RSTL,Riddhi Steel and Tube Ltd,INE367U01013,MT,2016-09
540097,GAMCO,Gamco Ltd,INE890S01026,X,2016-09
540132,SIIL,Sabrimala Industries India Ltd,INE400R01018,XT,2016-09
540135,ARCFIN,ARC Finance Ltd,INE202R01026,X,2017-05
540143,SAGARSOFT,Sagarsoft (India) Ltd,INE184B01012,X,2016-10
540144,DRA,DRA Consultants Ltd,INE746V01016,M,2016-10
540146,ACML,Aditya Consumer Marketing Ltd,INE427V01013,M,2016-10
540147,SHASHIJIT,Shashijit Infraprojects Ltd,INE700V01021,X,2016-10
540148,BINDALEXPO,Bindal Exports Ltd,INE564V01013,MT,2016-10
540150,MHEL,Mewar Hi-Tech Engineering Ltd,INE957U01011,MT,2016-10
540151,DIKSAT,Diksat Transworld Ltd,INE942P01013,MT,2016-10
540159,PURPLE,Purple Agrotech Industries Ltd,INE905R01016,XT,2016-10
540168,SUPRAPFSL,Supra Pacific Financial Services Ltd,INE268T01015,X,2016-11
540174,SOUTHERNIN,Southern Infoconsultants Ltd,INE298B01010,X,2016-11
540175,REGENCY,Regency Fincorp Ltd,INE964R01013,X,2016-12
540181,SALEM,Salem Erode Investments Ltd,INE894E01028,X,2016-11
540189,UPROTECH,Unipro Technologies Ltd,INE448F01012,XT,2016-11
540190,FRANKLININD,Franklin Industries Ltd,INE789R01022,X,2016-11
540198,OSIAJEE,Osiajee Texfab Ltd,INE186R01013,X,2016-12
540199,CMBL,Corporate Merchant Bankers Ltd,INE850R01014,X,2016-12
540204,EIKO,Eiko Lifesciences Ltd,INE666Q01016,X,2016-12
540221,SHASHANK,Shashank Traders Ltd,INE508R01018,X,2016-12
540243,NEWLIGHT,New Light Industries Ltd,INE835U01027,XT,2017-07
540252,VSL,Viram Suvarn Ltd,INE607V01028,B,2017-01
540254,MTPL,Marg Techno Projects Ltd,INE245H01018,XT,2020-04
540259,SHANGAR,Shangar Decor Ltd,INE118R01032,X,2017-11
540266,GLCL,Globe Commercials Ltd,INE804Q01013,X,2017-07
540267,FLORACORP,Flora Corporation Ltd,INE318U01016,X,2017-01
540269,SKL,Super Fine Knitters Ltd,INE459U01018,MT,2017-02
540270,RAIDEEPIND,Raideep Industries Ltd,INE923R01019,XT,
540310,CFL,Classic Filaments Ltd,INE181U01018,XT,2017-09
540318,SUERYAAKNI,Sueryaa Knitwear Ltd,INE249U01013,XT,
540332,TANVI,Tanvi Foods (India) Ltd,INE978V01015,M,2017-03
540360,LLFICL,Leading Leasing Finance And Investment Company Ltd,INE715Q01029,T,2017-09
540361,DANUBE,Danube Industries Ltd,INE575D01041,X,2017-03
540377,IFL,IFL Enterprises Ltd,INE714U01024,B,2017-03
540386,ONTIC,Ontic Finserve Ltd,INE989S01042,XT,2017-03
540401,MAXIMUS,Maximus International Ltd,INE544W01021,X,2017-03
540402,MANAS,Manas Properties Ltd,INE800W01019,MT,
540404,PRIMEFRESH,Prime Fresh Ltd,INE442V01012,B,2017-03
540405,OCEANIC,Oceanic Foods Ltd,INE711V01010,X,2017-03
540416,OCTAWARE,Octaware Technologies Ltd,INE208U01019,M,2017-04
540455,ESCORP,Escorp Asset Management Ltd,INE953W01016,B,2017-04
540467,PARMSILK,Parmeshwari Silk Mills Ltd,INE808R01012,XT,2025-03
540468,KMSMEDI,KMS Medisurgi Ltd,INE870V01014,MT,2017-04
540481,CLFL,Classic Leasing & Finance Ltd,INE949C01016,X,2017-06
540492,STARLENT,Starlineps Enterprises Ltd,INE594W01042,B,2017-05
540515,KANUNGO,Kanungo Financiers Ltd,INE453S01015,XT,2017-05
540519,MEERA,Meera Industries Ltd,INE343X01026,B,2017-05
540545,GKL,Guru Krupa Gems and Jewellery Ltd,INE986W01016,XT,2017-05
540550,YUG,Yug Decor Ltd,INE796W01019,M,2017-05
540570,VARIMAN,Variman Global Enterprises Ltd,INE717F01028,X,2017-06
540590,RIDDHICORP,Riddhi Corporate Services Ltd,INE325X01015,X,2017-06
540597,CONTAINER,Containerway International Ltd,INE319U01022,X,2017-07
540613,GEL,Gautam Exim Ltd,INE721X01023,M,2017-07
540615,7NR,7NR Retail Ltd,INE413X01035,XT,2017-07
540651,JIGAR,Jigar Cables Ltd,INE943X01015,M,2017-07
540652,CTCL,Captain Technocast Ltd,INE931X01010,MT,2017-08
540654,GSTL,Globalspace Technologies Ltd,INE632W01016,X,2017-08
540681,CHOTHANI,Chothani Foods Ltd,INE344X01016,MT,2017-08
540686,SMRUTHIORG,Smruthi Organics Ltd,INE172E01011,X,2005-06
540693,SHISHIND,Shish Industries Ltd,INE145Y01023,X,2017-09
540694,ANG,ANG Lifesciences India Ltd,INE236W01016,T,2017-09
540696,KCDGROUP,KCD Industries India Ltd,INE185U01035,XT,2019-02
540703,PROCLB,Pro Clb Global Ltd,INE438C01010,XT,2011-06
540717,PQIF,Polo Queen Industrial and Fintech Ltd,INE689M01025,X,2017-09
540718,AAYUSHBULL,Aayush Art And Bullion Ltd,INE777X01017,M,2017-09
540726,TTFL,Trident Texofab Ltd,INE071Y01013,X,2017-10
540727,POOJA,Poojawestern Metaliks Ltd,INE973X01012,B,2017-10
540729,VANTABIO,Vanta Bioscience Ltd,INE695X01011,M,2017-10
540730,MEHAI,Mehai Technology Ltd,INE062Y01020,X,2017-10
540738,STL,Shreeji Translogistics Ltd,INE402Y01028,B,2017-10
540756,KAARYAFSL,Kaarya Facilities and Services Ltd,INE282Y01016,M,2017-10
540782,SBRANDS,Sanghvi Brands Ltd,INE204Y01010,M,2017-11
540786,SHARIKA,Sharika Enterprises Ltd,INE669Y01022,B,2017-11
540788,ASPIRA,Aspira Pathlab & Diagnostics Ltd,INE500C01017,XT,2018-02
540796,RATNABHUMI,Ratnabhumi Developers Ltd,INE821Y01011,B,2017-12
540809,MRCAGRO,MRC Agrotech Ltd,INE333Y01017,B,2017-12
540811,DML,Diggi Multitrade Ltd,INE158R01012,M,2017-12
540821,CRYSTAL,Crystal Business System Ltd,INE994R01028,X,2018-01
540829,CHANDRIMA,Chandrima Mercantiles Ltd,INE371F01024,XT,2018-02
540843,RITHWIKFMS,Rithwik Facility Management Services Ltd,INE819Y01015,MT,2018-01
540850,JFL,Jhandewalas Foods Ltd,INE841Y01019,M,2018-01
540874,7SEASL,7Seas Entertainment Ltd,INE454F01010,X,2010-09
540904,TIRUFOAM,Tirupati Foam Ltd,INE115G01015,XT,2005-01
540914,SRUSTEELS,SRU Steels Ltd,INE425C01017,X,2018-02
540936,GGL,Gautam Gems Ltd,INE063Z01017,X,2018-02
540938,GUJHYSPIN,Gujarat Hy-Spin Ltd,INE578V01013,M,2018-02
540953,KENVI,Kenvi Jewels Ltd,INE923Y01023,B,2018-02
540955,TDSL,Tasty Dairy Specialities Ltd,INE773Y01014,Z,2018-02
540956,BHATIA,Bhatia Communications & Retail (India) Ltd,INE341Z01025,X,2018-02
540980,YSL,The Yamuna Syndicate Ltd,INE868X01014,X,2018-07
541006,ANGEL,Angel Fibers Ltd,INE339Z01011,M,2018-03
541083,INFLAME,Inflame Appliances Ltd,INE464Z01017,M,2018-03
541112,SHREESHAY,Shreeshay Engineers Ltd,INE452Z01012,M,2018-03
541133,ACFL,Apex Capital And Finance Ltd,INE758W01019,XT,
541144,ACTIVE,Active Clothing Co Ltd,INE380Z01015,B,2018-03
541178,BENARA,Benara Bearings and Pistons Ltd,INE495Z01011,MT,2018-04
541196,LEX,Lex Nimble Solutions Ltd,INE860Y01019,MT,2018-04
541228,TRL,Taylormade Renewables Ltd,INE459Z01017,T,2018-04
541299,DLCL,Dr Lalchandani Labs Ltd,INE871Z01013,M,2018-05
541337,MILEFUR,Milestone Furniture Ltd,INE424Z01011,MT,2018-05
541338,UHZAVERI,U. H. Zaveri Ltd,INE556Z01010,B,2018-05
541347,PARVATI,Parvati Sweetners and Power Ltd,INE295Z01015,XT,2018-05
541353,INNOVATORS,Innovators Facade Systems Ltd,INE870Z01015,M,2018-05
541358,UCIL,Unifinz Capital India Ltd,INE926R01012,XT,2020-10
541444,PALMJEWELS,Palm Jewels Ltd,INE838Z01012,X,2018-06
541445,WAA,Waa Solar Ltd,INE799N01012,M,2018-06
541503,UNICK,Unick Fix-A-Form And Printers Ltd,INE250G01010,X,2018-07
541601,RAJNISH,Rajnish Wellness Ltd,INE685Z01033,B,2018-07
541627,GUJWIND,Gujarat Winding Systems Ltd,INE173V01013,XT,2019-01
541633,STRAEXPO,Sophia Traexpo Ltd,INE268X01017,XT,
541634,RAWEDGE,Raw Edge Industrial Solutions Ltd,INE960Z01014,B,2018-07
541701,SUPERSHAKT,Supershakti Metaliks Ltd,INE00SY01011,M,2018-07
541702,ASHNI,Ashnisha Industries Ltd,INE694W01024,XT,2018-07
541703,RACONTEUR,Raconteur Global Resources Ltd,INE00WY01013,M,2018-07
541735,VIVANTA,Vivanta Industries Ltd,INE299W01022,X,2018-08
541741,FRATELLI,Fratelli Vineyards Ltd,INE401Z01019,XT,2018-08
541771,AMINTAN,Amin Tannery Ltd,INE572Z01017,XT,2018-08
541799,SMEL,Sungold Media and Entertainment Ltd,INE266S01011,MT,2018-08
541865,ASRL,Add-Shop ERetail Ltd,INE01B501018,X,2018-09
541890,SPACEINCUBA,Space Incubatrics Technologies Ltd,INE797Z01028,XT,2018-09
541945,RANJEET,Ranjeet Mechatronics Ltd,INE01A501027,M,2018-09
541973,MACH,Mac Hotels Ltd,INE004Z01011,M,2018-10
541983,INNOVATIVE,Innovative Ideals and Services (India) Ltd,INE492Y01011,M,2018-10
542012,A1L,A-1 Ltd,INE911Z01025,T,2018-10
542013,DOLFIN,Dolfin Rubbers Ltd,INE666Y01010,B,2018-10
542019,SHUBHAM,Shubham Polyspin Ltd,INE01J501010,X,2018-10
542025,SUNRETAIL,Sun Retail Ltd,INE206Z01020,MT,2018-10
542034,SMGOLD,S. M. Gold Ltd,INE00Q901014,B,2018-10
542046,VIVIDM,Vivid Mercantile Ltd,INE647Z01025,B,2018-10
542123,PHOSPHATE,The Phosphate Company Ltd,INE398C01016,X,2018-11
542145,RONI,Roni Households Ltd,INE02AP01013,MT,2018-12
542146,SKIFL,Shree Krishna Infrastructure Ltd,INE951Z01013,M,2018-12
542155,DGL,Diksha Greens Ltd,INE01GR01018,MT,2018-12
542176,ARYAN,Aryan Share and Stock Brokers Ltd,INE016X01010,X,2018-12
542206,NIVAKA,Nivaka Fashions Ltd,INE139E01028,XT,2018-12
542248,DECCAN,Deccan Health Care Ltd,INE452W01019,B,2018-12
542332,HIKLASS,Hi-Klass Trading and Investment Ltd,INE302R01024,XT,2019-03
542376,SPACAPS,SPA Capital Services Ltd,INE726X01014,XT,2024-06
542377,AARSHYAM,Aar Shyam India Investment Company Ltd,INE512R01010,XT,2019-02
542446,JONJUA,Jonjua Overseas Ltd,INE793Z01027,M,2019-02
542459,KRANTI,Kranti Industries Ltd,INE911T01010,B,2019-02
542477,GLAAMUP,Glaam Up Jwel Ltd,INE03CM01014,MT,2019-03
542503,MAHIP,Mahip Industries Ltd,INE00CX01017,MT,2019-03
542524,AIHL,Ambassador Intra Holdings Ltd,INE342U01016,X,2021-04
542544,JYOTIN,Jyot International Marketing Ltd,INE043R01016,XT,
542592,HBEL,Humming Bird Education Ltd,INE02PC01027,M,2019-03
542599,ROOPSHRI,Roopshri Resorts Ltd,INE03WT01017,MT,2019-04
542627,CHANDNIMACH,Chandni Machines Ltd,INE01GZ01011,XT,2019-04
542628,NSL,Northern Spirits Ltd,INE01BL01012,B,2019-04
542654,VRFILMS,V R Films & Studios Ltd,INE06LG01010,B,2019-04
542666,GKP,G. K. P. Printing & Packaging Ltd,INE05QJ01015,B,2019-05
542668,EVANS,Evans Electric Ltd,INE06TD01010,M,2019-05
542669,BMW,BMW Industries Ltd,INE374E01021,X,2019-05
542677,MAHESH,Mahesh Developers Ltd,INE01MO01013,X,2019-06
542678,CHCL,Cian Healthcare Ltd,INE05BN01027,MT,2019-05
542679,DEL,Dhanashree Electronics Ltd,INE413F01016,X,2020-12
542682,HARISH,Harish Textile Engineers Ltd,INE01K301012,X,2019-06
542694,PARSHVA,Parshva Enterprises Ltd,INE05MV01019,B,2019-07
542721,ARL,Anand Rayons Ltd,INE02GA01012,T,2019-07
542727,CPML,City Pulse Multiventures Ltd,INE056001014,M,2019-07
542728,SKIEL,SK International Export Ltd,INE04ST01013,MT,2019-07
542765,TRANSPACT,Transpact Enterprises Ltd,INE06YD01010,MS,2019-09
542770,ALPHALOGIC,Alphalogic Techsys Ltd,INE08E401029,B,2019-09
542771,NOVATEOR,Novateor Research Laboratories Ltd,INE08JY01013,M,2019-09
542801,MISQUITA,Misquita Engineering Ltd,INE957W01025,M,2019-10
542802,GALACTICO,Galactico Corporate Services Ltd,INE906Y01028,B,2019-10
542803,VEL,Vaxfab Enterprises Ltd,INE560T01015,X,2020-11
542850,GOBLIN,Goblin India Ltd,INE492Z01018,MT,2019-10
542862,SHAHLON,Shahlon Silk Industries Ltd,INE052001026,X,2019-10
542864,MOUNT,Mount Housing and Infrastructure Ltd,INE444X01014,XT,
542865,ANUROOP,Anuroop Packaging Ltd,INE490Z01012,B,2019-11
542906,EASUN,Easun Capital Markets Ltd,INE771C01014,XT,2020-03
542910,VALENCIA,Valencia Nutrition Ltd,INE08RT01016,MS,2020-01
542918,GIANLIFE,Gian Life Care Ltd,INE063601012,Z,2020-01
542923,TRANWAY21,Tranway21 Technologies Ltd,INE0BIW01023,MS,2020-02
542931,VARDHANCFL,Vardhan Capital & Finance Ltd,INE128G01018,XT,2026-09
542934,CBPL,Chandra Bhagat Pharma Ltd,INE07QQ01016,M,2020-02
542938,OCTAVIUSPL,Octavius Plantations Ltd,INE117S01016,X,2021-07
543065,SMAUTO,SM Auto Stamping Ltd,INE0C4I01011,M,2020-03
543171,ROJL,RO Jewels Ltd,INE0BDU01028,B,2020-03
543172,COSPOWER,Cospower Engineering Ltd,INE0CQB01010,MT,2020-03
543194,NIRMITEE,Nirmitee Robotics India Ltd,INE0CPQ01010,TS,2020-04
543207,NATURAL,Natural Biocon (India) Ltd,INE06MM01016,X,2020-05
543208,REGIS,Regis Industries Ltd,INE745R01024,X,2021-09
543209,BILLWIN,Billwin Industries Ltd,INE0CRS01012,MT,2020-06
543229,SAMRATFORG,Samrat Forgings Ltd,INE412J01010,X,2020-12
543239,GMPL,G M Polyplast Ltd,INE0E2801015,M,2020-10
543241,VGIL,Veer Global Infraconstruction Ltd,INE244W01010,B,2020-10
543244,SHINEFASH,Shine Fashions (India) Ltd,INE0BLY01023,M,2020-11
543247,NETPIX,Net Pix Shorts Digital Media Ltd,INE0D5F01013,TS,2020-12
543256,RFLL,Rita Finance and Leasing Ltd,INE018S01016,X,2022-04
543262,MRP,MRP Agro Ltd,INE0D7801012,M,2021-02
543282,NIKSTECH,Niks Technology Ltd,INE0GX601011,TS,2021-03
543285,RCAN,Rajeshwari Cans Ltd,INE0CQ101015,M,2021-04
543286,ARTEMISADR,Artemis ADR Marketplace Ltd,INE0D9X01018,MT,2021-04
543289,KGES,Kuberan Global Edu Solutions Ltd,INE04CO01018,TS,2021-05
543309,ADESHWAR,Adeshwar Meditex Ltd,INE0H8J01015,M,2021-06
543310,TIMESGREEN,Times Green Energy (India) Ltd,INE0B6101012,MT,2021-06
543312,FOCUS,Focus Business Solution Ltd,INE0DXR01010,MT,2021-07
543319,AAPLUSTRAD,AA Plus Tradelink Ltd,INE0C5901022,M,2021-07
543341,SHARPLINE,Sharpline Broadcast Ltd,INE647W01014,X,2022-03
543346,AASHKA,Aashka Hospitals Ltd,INE0EAX01014,M,2021-09
543351,NBL,Naapbooks Ltd,INE0GOA01018,MS,2021-09
543352,POBS,PlatinumOne Business Services Ltd,INE0DTJ01015,M,2021-09
543363,PREVEST,Prevest Denpro Ltd,INE0GAO01018,M,2021-09
543366,SBLI,SBL Infratech Ltd,INE0DLM01024,M,2021-09
543372,GETALONG,Getalong Enterprise Ltd,INE0H1201020,M,2021-10
543373,SVRL,Shri Venkatesh Refineries Ltd,INE0HLJ01013,T,2021-10
543375,PROMAX,Promax Power Ltd,INE0I2F01015,M,2021-10
543376,SAMOR,Samor Reality Ltd,INE0GD201014,B,2021-10
543377,ADISHAKTI,Adishakti Loha and Ispat Ltd,INE0CWK01019,M,2021-10
543378,CWD,CWD Ltd,INE0H8H01019,MS,2021-10
543391,SGFRL,Suyog Gurbaxani Funicular Ropeways Ltd,INE07GA01011,M,2021-11
543400,OMNIPOTENT,Omnipotent Industries Ltd,INE0JFE01012,M,2021-11
543410,DMR,DMR Engineering Ltd,INE07L501010,M,2021-12
543435,CLARA,Clara Industries Ltd,INE0JJS01014,MT,2021-12
543436,WITS,Wherrelz IT Solutions Ltd,INE0IM001015,TS,2021-12
543443,ASCENSIVE,Ascensive Educare Ltd,INE0E4I01027,MS,2022-01
543444,FABINO,Fabino Enterprises Ltd,INE0DRT01018,M,2022-01
543453,ALKOSIGN,Alkosign Ltd,INE0KA601012,M,2022-02
543460,QRIL,Quality RO Industries Ltd,INE0KAF01018,M,2022-02
543461,SSTL,Safa Systems & Technologies Ltd,INE0JNA01014,M,2022-02
543464,SPITZE,Maruti Interior Products Ltd,INE0JSJ01014,M,2022-02
543475,EKENNIS,Ekennis Software Service Ltd,INE0KCM01010,M,2022-03
543497,BCCL,Bhatia Colour Chem Ltd,INE0KQ001017,M,2022-03
543499,ACHYUT,Achyut Healthcare Ltd,INE0K1401020,B,2022-03
543500,EVOQ,Evoq Remedies Ltd,INE0JVD01011,MT,2022-03
543515,SEML,Sunrise Efficient Marketing Ltd,INE0KPY01017,M,2022-04
543516,DHYAANITR,Dhyaani Tradeventtures Ltd,INE0K5F01014,MT,2022-04
543518,EIGHTY,Eighty Jewellers Ltd,INE0KSN01014,M,2022-04
543519,SFSL,Shashwat Furnishing Solutions Ltd,INE0JMN01019,M,2022-05
543520,GLHRL,Global Longlife Hospital and Research Ltd,INE0J2K01014,MT,2022-05
543521,FONE4,Fone4 Communications (India) Ltd,INE0L3H01014,M,
543522,NVENTURES,Nanavati Ventures Ltd,INE0E5R01017,M,2022-05
543531,TIERRA,Tierra Agrotech Ltd,INE05CY01014,X,2022-05
543536,SILVERPRL,Silver Pearl Hospitality & Luxury Spaces Ltd,INE0KXN01014,M,2022-06
543537,SCARNOSE,Scarnose International Ltd,INE0IXR01019,M,2022-06
543538,GOEL,Goel Food Products Ltd,INE0K6L01010,M,2022-06
543540,PGCRL,Pearl Green Clubs and Resorts Ltd,INE0GTX01019,M,2022-07
543541,SAILANI,Sailani Tours N Travels Ltd,INE0KHQ01010,M,2022-07
543542,KESAR,Kesar India Ltd,INE0L1C01019,M,2022-07
543543,BRRL,B-Right Realestate Ltd,INE0IZQ01016,M,2022-07
543544,JAYANT,Jayant Infratech Ltd,INE0KR801019,M,2022-07
543545,VEERKRUPA,Veerkrupa Jewellers Ltd,INE0ID001024,M,2022-07
543546,HEALTHYLIFE,Healthy Life Agritec Ltd,INE0L3501015,M,2022-07
543578,OLATECH,Olatech Solutions Ltd,INE0M3901015,M,2022-08
543594,DPL,Dipna Pharmachem Ltd,INE0MC401013,M,2022-09
543595,EPBIO,EP Biocomposites Ltd,INE0D2I01014,M,2022-09
543598,SISL,Shantidoot Infra Services Ltd,INE0LU301014,MT,2022-09
543606,CONTAINE,Containe Technologies Ltd,INE0M8901010,M,2022-09
543613,MAFIA,Mafia Trends Ltd,INE0KQQ01011,M,2022-10
543615,SRSOLTD,Silicon Rental Solutions Ltd,INE0MNV01014,M,2022-10
543616,TLL,Trident Lifeline Ltd,INE0MKA01014,M,2022-10
543617,REETECH,Reetech International Ltd,INE0MKO01015,M,2022-10
543618,CARGOTRANS,Cargotrans Maritime Ltd,INE0M4L01013,M,2022-10
543619,CNCRD,Concord Control Systems Ltd,INE0N0J01014,M,2022-10
543621,CARGOSOL,Cargosol Logistics Ltd,INE0KZM01011,MT,2022-10
543622,STML,Steelman Telecom Ltd,INE0MSK01016,M,2022-10
543623,VEDANTASSET,Vedant Asset Ltd,INE0NC801013,MT,2022-10
543637,PACE,Pace E-Commerce Ventures Ltd,INE0N1L01018,M,2022-10
543651,DAPS,DAPS Advertising Ltd,INE975Z01012,M,2022-11
543656,TECHNOPACK,Technopack Polymers Ltd,INE0MXP01015,M,2022-11
543678,AMBOAGRI,Ambo Agritec Ltd,INE0N6V01016,M,2022-12
543709,GARGI,PNGS Gargi Fashion Jewellery Ltd,INE0NT601018,M,2022-12
543713,DRONACHRYA,Droneacharya Aerial Innovations Ltd,INE0MQD01015,M,2022-12
543737,AVEER,Aveer Foods Ltd,INE09BN01011,X,2023-01
543744,REXSEAL,Rex Sealing and Packing Industries Ltd,INE0MFT01014,M,2023-01
543745,SVS,SVS Ventures Ltd,INE0MID01012,M,2023-01
543746,LOGICA,Logica Infoway Ltd,INE0BSU01018,M,2023-01
543753,DHARNI,Dharni Capital Services Ltd,INE0M9Q01011,M,2023-01
543754,TRANSVOY,Transvoy Logistics India Ltd,INE0MPU01011,M,2023-02
543765,EARTH,Earthstahl & Alloys Ltd,INE0O4V01010,M,2023-02
543769,INDONG,Indong Tea Company Ltd,INE0KN201016,MT,2023-02
543782,SEALMATIC,Sealmatic India Ltd,INE0O4601016,M,2023-03
543787,ROBU,Macfos Ltd,INE0OLH01013,M,2023-03
543798,PATRON,Patron Exim Ltd,INE0NPA01011,M,2023-03
543799,SVJ,S. V. J. ENTERPRISES Ltd,INE0JZS01010,M,2023-03
543804,AMANAYA,Amanaya Ventures Ltd,INE0G1V01016,MT,2023-03
543805,RESGEN,Resgen Ltd,INE0NYN01016,M,2023-03
543806,ITCONS,ITCONS E-Solutions Ltd,INE0O6A01019,M,2023-03
543814,PCL,Prospect Consumer Products Ltd,INE0OKG01017,M,2023-03
543828,SUDARSHAN,Sudarshan Pharma Industries Ltd,INE00TV01023,M,2023-03
543830,LABELKRAFT,Labelkraft Technologies Ltd,INE0NLJ01011,M,2023-03
543831,BRIGHT,Bright Outdoor Media Ltd,INE0OMI01019,M,2023-03
543843,COMMAND,Command Polymers Ltd,INE0LKQ01012,MT,2023-03
543848,DEVLAB,Dev Labtech Venture Ltd,INE0NIJ01025,M,2023-03
543860,JAFINANCE,J.A. Finance Ltd,INE825B01010,XT,2023-04
543874,MAIDEN,Maiden Forgings Ltd,INE0O1T01010,M,2023-04
543895,EXHICON,Exhicon Events Media Solutions Ltd,INE0O8901016,M,2023-04
543897,SANCODE,Sancode Technologies Ltd,INE0P7001013,MT,2023-04
543902,RETINA,Retina Paints Ltd,INE0NTC01019,M,2023-05
543905,INNOKAIZ,Innokaiz India Ltd,INE0LDI01022,MT,2023-05
543914,SWATIPRO,Swati Projects Ltd,INE210F01016,XT,2023-08
543916,HSIL,Hemant Surgical Industries Ltd,INE0GYI01028,MT,2023-06
543920,CFF,CFF Fluid Control Ltd,INE0NJ001013,B,2023-06
543921,COMRADE,Comrade Appliances Ltd,INE0NXA01015,MT,2023-06
543924,SONALIS,Sonalis Consumer Products Ltd,INE0N5O01013,M,2023-06
543926,BIZOTIC,Bizotic Commercial Ltd,INE0OJ401014,M,2023-06
543927,ASIAN,Asian Warehousing Ltd,INE04Z101016,X,2023-07
543928,COSMICCRF,Cosmic CRF Ltd,INE0ORA01015,M,2023-06
543931,VEEFIN,Veefin Solutions Ltd,INE0Q0M01015,M,2023-07
543934,MACIND,Machhar Industries Ltd,INE01BT01015,XT,2023-07
543937,ALPHAIND,Alphalogic Industries Ltd,INE0NZF01019,M,2023-07
543939,KAKA,Kaka Industries Ltd,INE0P3N01018,M,2023-07
543941,AHASOLAR,Ahasolar Technologies Ltd,INE0NEV01011,M,2023-07
543943,ASARFI,Asarfi Hospital Ltd,INE0DN001027,M,2023-07
543953,KHAZANCHI,Khazanchi Jewellers Ltd,INE0OWC01011,M,2023-08
543963,SHELTER,Shelter Pharma Ltd,INE013V01011,M,2023-08
543970,SHOORA,Shoora Designs Ltd,INE0OJZ01019,MT,2023-08
543971,BONDADA,Bondada Engineering Ltd,INE0Q8P01029,M,2023-08
543976,SHRAAITECH,Shradha AI Technologies Ltd,INE489B01031,X,2023-09
543979,KAHAN,Kahan Packaging Ltd,INE04T901017,MT,2023-09
543982,QUESTFLOW,Quest Flow Controls Ltd,INE0OYE01013,M,2023-09
543991,TECHKGREEN,Techknowgreen Solutions Ltd,INE0P4P01011,M,2023-09
543997,ORGANICREC,Organic Recycling Systems Ltd,INE0MIO01019,M,2023-10
544000,CCAL,City Crops Agro Ltd,INE0M7501019,MT,2023-10
544001,SUNITATOOL,Sunita Tools Ltd,INE0Q1S01010,MT,2023-10
544002,VIVAA,Vivaa Tradecom Ltd,INE0PA601017,MT,2023-10
544011,VPL,Vrundavan Plantation Ltd,INE0Q6901013,M,2023-11
544013,KKSHL,KK Shah Hospitals Ltd,INE0OH401016,M,2023-11
544015,MISHDESIGN,Mish Designs Ltd,INE0QI101019,M,2023-11
544023,KALYANI,Kalyani Cast-Tech Ltd,INE0N6U01018,MT,2023-11
544025,ARROWHEAD,Arrowhead Seperation Engineering Ltd,INE0PP401015,M,2023-11
544035,SPL,Swashthik Plascon Ltd,INE0RDR01012,M,2023-12
544036,DEEPAKCHEM,Deepak Chemtex Ltd,INE0RDM01013,M,2023-12
544037,AMIC,Amic Forging Ltd,INE0P9J01013,M,2023-12
544047,SIYARAM,Siyaram Recycling Industries Ltd,INE0QSK01017,M,2023-12
544052,BENCHMARK,Benchmark Computer Solutions Ltd,INE0Q2Z01013,M,2023-12
544056,SMARITIME,Sahara Maritime Ltd,INE0PSJ01011,M,2023-12
544059,SHANTIDENM,Shanti Spintex Ltd,INE0QZQ01019,M,2023-12
544072,AIKPIPES,AIK Pipes and Polymers Ltd,INE0QFT01015,M,2024-01
544073,MCPL,Manoj Ceramic Ltd,INE0A6N01026,M,2024-01
544074,SBVCL,Shri Balaji Valve Components Ltd,INE0RNZ01014,MT,2024-01
544080,SHILINDORE,Sayaji Hotels (Indore) Ltd,INE0MGS01014,X,2024-01
544082,SWANAGRO,New Swan Multitech Ltd,INE0GEN01012,M,2024-01
544083,SHREE,Shree Marutinandan Tubes Ltd,INE0QIS01011,M,2024-01
544090,SHPLPUNE,Sayaji Hotels (Pune) Ltd,INE07G501017,X,2024-01
544091,QLL,Qualitek Labs Ltd,INE0Q1R01012,MT,2024-01
544094,EUPHORIAIT,Euphoria Infotech (India) Ltd,INE0PYT01018,M,2024-01
544101,BRISK,Brisk Technovision Ltd,INE0Q6L01014,MT,2024-01
544105,HARSHDEEP,Harshdeep Hortico Ltd,INE0OLZ01015,M,2024-02
544106,MCFL,Mayank Cattle Food Ltd,INE0R5Z01015,MT,2024-02
544108,GPSL,Gabriel Pet Straps Ltd,INE0QZF01012,M,2024-02
544112,JGTL,Jasch Gauging Technologies Ltd,INE0QXV01014,X,2024-02
544121,RUDRAGAS,Rudra Gas Enterprise Ltd,INE0OYK01010,M,2024-02
544139,KOURA,Koura Fine Diamond Jewelry Ltd,INE0M8R01011,MT,2024-03
544141,PESB,Pune E - Stock Broking Ltd,INE510U01018,M,2024-03
544143,ROYAL,Royal Sense Ltd,INE0QQG01019,M,2024-03
544150,KPGEL,KP Green Engineering Ltd,INE0QVH01025,M,2024-03
544151,CHATHA,Chatha Foods Ltd,INE0AH901011,MT,2024-03
544156,GCONNECT,Gconnect Logitech and Supply Chain Ltd,INE0QHY01011,MT,2024-04
544157,VRUDDHI,Vruddhi Engineering Works Ltd,INE0OMZ01013,M,2024-04
544160,JAYKAILASH,Jay Kailash Namkeen Ltd,INE0MSS01019,MT,2024-04
544163,GVL,Greenhitech Ventures Ltd,INE0S0701019,M,2024-04
544164,FAALCON,Faalcon Concepts Ltd,INE0Q9W01015,MT,2024-04
544165,SHIVAM,Shivam Chemicals Ltd,INE0SGR01013,M,2024-04
544166,EMMFORCE,Emmforce Autotech Ltd,INE0SDC01012,MT,2024-04
544168,VARYAA,Varyaa Creations Ltd,INE0R6801013,M,2024-04
544169,AMKAY,Amkay Products Ltd,INE0QSB01016,M,2024-05
544170,DKUAL,Dolphin Kitchen Utensils and Appliances Ltd,INE0QXT01018,M,2024-05
544171,STAL,Storage Technologies and Automation Ltd,INE0RGM01016,MT,2024-05
544173,FTL,Finelistings Technologies Ltd,INE0QOQ01013,MT,2024-05
544175,TGIF,TGIF Agribusiness Ltd,INE0SMU01015,M,2024-05
544177,AZTEC,Aztec Fluids & Machinery Ltd,INE0SCB01016,M,2024-05
544178,PIOTEX,Piotex Industries Ltd,INE0R4W01015,M,2024-05
544183,ASSOCIATED,Associated Coaters Ltd,INE0RIQ01013,M,2024-06
544185,ADTECH,Adtech Systems Ltd,INE257C01014,X,2024-06
544186,TOTEM,Forbes Precision Tools and Machine Parts Ltd,INE0TT901016,X,2024-06
544188,MAGENTA,Magenta Lifecare Ltd,INE0QZ901011,M,2024-06
544189,SATTRIX,Sattrix Information Security Ltd,INE0QUV01010,M,2024-06
544190,3CIT,3C IT Solutions and Telecoms (India) Ltd,INE0R7D01018,M,2024-06
544191,PURPLEFIN,Purple Finance Ltd,INE0CYK01015,X,2024-06
544195,COTFAB,United Cotfab Ltd,INE0S0I01011,M,2024-06
544199,GEMENVIRO,GEM Enviro Management Ltd,INE0RUJ01013,M,2024-06
544201,DFPL,Dindigul Farm Product Ltd,INE0S6R01027,MT,2024-06
544205,NPL,National Peroxide Ltd,INE0PO601011,XT,2024-07
544213,ACLD,Aelea Commodities Ltd,INE0T3401029,M,2024-07
544214,THREEMPAPE,Three M Paper Boards Ltd,INE0UK501010,M,2024-07
544219,VVIPIL,VVIP Infratech Ltd,INE0MNP01016,M,2024-07
544220,CTLLAB,Clinitech Laboratory Ltd,INE0QMR01015,M,2024-08
544221,KIZI,Kizi Apparels Ltd,INE0RMR01013,MT,2024-08
544224,AFCOM,Afcom Holdings Ltd,INE0OXY01013,M,2024-08
544231,BROACH,Broach Lifecare Hospital Ltd,INE0SFZ01018,M,2024-08
544236,RAL,Resourceful Automobile Ltd,INE0SK201011,M,2024-08
544237,RAPID,Rapid Multimodal logistics Ltd,INE0QA901010,M,2024-08
544242,TRAVELS,Travels & Rentals Ltd,INE0SG001011,M,2024-09
544245,NHL,Naturewings Holidays Ltd,INE0N4701016,M,2024-09
544248,MACHLTD,Mach Travel Solutions Ltd,INE0UYT01018,M,2024-09
544251,SSL,Share Samadhan Ltd,INE0LY301010,MT,2024-09
544257,SAFE,Sodhani Academy of Fintech Enablers Ltd,INE0Q3401017,M,2024-09
544259,PFL,Popular Foundations Ltd,INE0PZB01013,M,2024-09
544265,NEXXUS,Nexxus Petro Industries Ltd,INE0QUL01011,M,2024-10
544267,SUBAM,Subam Papers Ltd,INE0U6201010,M,2024-10
544269,NPFL,Neopolitan Pizza And Foods Ltd,INE471R01019,M,2024-10
544270,KGVL,Khyati Global Ventures Ltd,INE0S9501014,M,2024-10
544272,SHIVTEXCHEM,Shiv Texchem Ltd,INE0YRO01015,M,2024-10
544287,MANGALCOMP,Mangal Compusolution Ltd,INE0RU901015,M,2024-11
544291,RAJESH,Rajesh Power Services Ltd,INE0VN801010,M,2024-12
544296,NISUS,Nisus Finance Services Co Ltd,INE0DQN01013,M,2024-12
544303,TTC,Toss The Coin Ltd,INE0XAY01012,M,2024-12
544304,JUNGLECAMP,Jungle Camps India Ltd,INE0WCH01015,M,2024-12
544308,HILLTONE,Hilltone Software and Gases Ltd,INE168C01013,X,2024-12
544310,YASHHV,Yash Highvoltage Ltd,INE00GK01023,M,2024-12
544312,HAMPS,Hamps Bio Ltd,INE0QBD01018,M,2024-12
544313,NACDAC,NACDAC Infrastructure Ltd,INE0LB101011,M,2024-12
544324,CITICHEM,Citichem India Ltd,INE0A8401016,M,2025-01
544327,TECHNICHEM,Technichem Organics Ltd,INE0ZHT01012,MT,2025-01
544329,VANDU,Leo Dryfruits & Spices Trading Ltd,INE0RH001011,M,2025-01
544330,PARMESHWAR,Parmeshwar Metal Ltd,INE0QQJ01021,MT,2025-01
544331,DAVIN,Davin Sons Retail Ltd,INE0Q2L01013,M,2025-01
544332,FABCLEAN,Fabtech Cleanrooms Ltd,INE0HSD01011,M,2025-01
544334,INDOBELL,Indobell Insulations Ltd,INE0FK501019,MT,2025-01
544335,BRGIL,B.R.Goyal Infrastructure Ltd,INE00ST01011,MT,2025-01
544337,AVAX,Avax Apparels and Ornaments Ltd,INE0NQ401024,MT,2025-01
544340,RIKHAV,Rikhav Securities Ltd,INE0CFH01028,M,2025-01
544341,LGLL,Landmark Global Learning Ltd,INE12QA01010,M,2025-01
544343,CNINFOTECH,Capitalnumbers Infotech Ltd,INE0WXM01011,M,2025-01
544347,CLN,CLN Energy Ltd,INE0WDX01010,MT,2025-01
544348,GBLOGISTIC,GB Logistics Commerce Ltd,INE0RWU01016,M,2025-01
544349,HMEML,H.M. Electro Mech Ltd,INE0DZD01015,M,2025-01
544351,MALPANI,Malpani Pipes And Fittings Ltd,INE0YON01014,M,2025-02
544353,AMWILL,Amwill Health Care Ltd,INE0U2L01017,M,2025-02
544354,SOLARIUM,Solarium Green Energy Ltd,INE0W0H01017,M,2025-02
544361,COVANCE,Covance Softsol Ltd,INE0R8101016,X,2025-02
544365,SHANMUGA,Shanmuga Hospital Ltd,INE0TD301017,M,2025-02
544366,LKMEHTA,L.K.Mehta Polymers Ltd,INE0FFF01017,M,2025-02
544368,SWASTH,Swasth Foodtech India Ltd,INE0TIR01017,M,2025-02
544369,BEEZAASAN,Beezaasan Explotech Ltd,INE13VU01016,MT,2025-03
544370,NUKLEUS,Nukleus Office Solutions Ltd,INE0VYX01018,M,2025-03
544371,VIKRAMAR,Vikram Aroma Ltd,INE0NR501012,XT,2025-03
544372,SHREENATH,Shreenath Paper Products Ltd,INE0RXS01018,MT,2025-03
544373,NAPSGLOBAL,NAPS Global India Ltd,INE0VNH01014,MT,2025-03
544378,PSPL,PDP Shipping & Projects Ltd,INE0ABU01016,M,2025-03
544381,SUPERIRON,Super Iron Foundry Ltd,INE16IQ01014,M,2025-03
544383,PPARIVAH,Paradeep Parivahan Ltd,INE0SMW01011,MT,2025-03
544387,DESCO,Desco Infratech Ltd,INE0TGG01014,M,2025-04
544388,IDENTIXWEB,Identixweb Ltd,INE0PA401012,M,2025-04
544391,RETAGGIO,Retaggio Industries Ltd,INE0KWJ01014,M,2025-04
544392,SPINAROO,Spinaroo Commercial Ltd,INE10XX01012,M,2025-04
544393,INFONATIVE,Infonative Solutions Ltd,INE12IB01015,MT,2025-04
544398,KENRIK,Kenrik Industries Ltd,INE0AOG01018,MT,2025-05
544399,SRIGEE,Srigee Dlm Ltd,INE0RJ901010,M,2025-05
544400,MANOJJEWEL,Manoj Jewellers Ltd,INE0MV001018,M,2025-05
544406,UNIFIED,Unified Data Tech Solutions Ltd,INE1ABX01018,M,2025-05
544409,ASTONEALAB,Astonea Labs Ltd,INE0TG901011,M,2025-06
544412,3BFILMS,3B Films Ltd,INE0TE101010,M,2025-06
544417,ATENPAPERS,Aten Papers & Foam Ltd,INE0XCV01014,M,2025-06
544422,ABRFL,Abram Food Ltd,INE0ZDY01011,M,2025-07
544425,AJCJEWEL,AJC Jewel Manufacturers Ltd,INE0XRR01010,MT,2025-07
544426,ICON,Icon Facilitators Ltd,INE0Y0E01012,M,2025-07
544428,SEVL,Supertech Ev Ltd,INE0SC101013,M,2025-07
544431,ACEALPHA,Ace Alpha Tech Ltd,INE0S9X01011,M,2025-07
544433,VALINDIA,Valencia India Ltd,INE130701019,M,2025-07
544434,NEETUYOSHI,Neetu Yoshi Ltd,INE0UZO01024,MT,2025-07
544435,ADCOUNTY,Adcounty Media India Ltd,INE0W1601012,M,2025-07
544436,VANDAN,Vandan Foods Ltd,INE0RDJ01019,M,2025-07
544437,MARCLOIRE,Marc Loire Fashions Ltd,INE0TBQ01014,M,2025-07
544440,CRYOGENIC,Cryogenic Ogs Ltd,INE0TL001013,MT,2025-07
544441,METAINFO,Meta Infotech Ltd,INE162901016,M,2025-07
544442,CHEMKART,Chemkart India Ltd,INE0VWL01017,M,2025-07
544444,GLEN,Glen Industries Ltd,INE0UMC01019,MT,2025-07
544445,APL,Asston Pharmaceuticals Ltd,INE0SJX01015,MT,2025-07
544451,MONIKA,Monika Alcobev Ltd,INE0LCG01010,M,2025-07
544452,SWASTIKAAL,Swastika Castal Ltd,INE0PTF01017,MT,2025-07
544453,MSECL,Monarch Surveyors and Engineering Consultants Ltd,INE0V0L01028,M,2025-07
544458,SHREEREF,Shree Refrigerations Ltd,INE0FMZ01045,M,2025-08
544460,PATELCHEM,Patel Chem Specialities Ltd,INE161701011,M,2025-08
544463,REPONO,Repono Ltd,INE15WN01014,M,2025-08
544464,UML,Umiya Mobile Ltd,INE1P1A01018,MT,2025-08
544467,NSDL,National Securities Depository Ltd,INE301O01023,A,2025-08
544468,BDI,B. D. Industries (Pune) Ltd,INE1LJ801017,M,2025-08
544471,TAKYON,Takyon Networks Ltd,INE14OX01013,M,2025-08
544472,MEHUL,Mehul Colours Ltd,INE1KH601014,M,2025-08
544474,BLT,BLT Logistics Ltd,INE0W4K01013,M,2025-08
544475,ESSEX,Essex Marine Ltd,INE1IBY01019,M,2025-08
544482,STARIMAGIN,Star Imaging And Path Lab Ltd,INE0YG001013,M,2025-08
544483,ICODEX,Icodex Publishing Solutions Ltd,INE111601014,M,2025-08
544489,LGT,LGT Global Hospitality Ltd,INE191201016,M,2025-08
544494,GLOBTIER,Globtier Infotech Ltd,INE12P601017,M,2025-09
544495,NISMGMT,NIS Management Ltd,INE0M3X01010,M,2025-09
544498,OVAL,Oval Projects Engineering Ltd,INE0RTI01017,M,2025-09
544500,ABRIL,Abril Paper Tech Ltd,INE15MX01014,M,2025-09
544501,SUGSLLOYD,Sugs Lloyd Ltd,INE0XX801016,MT,2025-09
544503,RACHIT,Rachit Prints Ltd,INE0ZN101029,M,2025-09
544504,GOELCONS,Goel Construction Company Ltd,INE0ZOM01013,M,2025-09
544505,AUSTERE,Austere Systems Ltd,INE104201012,M,2025-09
544506,SHARVAYA,Sharvaya Metals Ltd,INE0UJF01018,M,2025-09
544508,VASHISHTHA,Vashishtha Luxury Fashion Ltd,INE0WRP01016,M,2025-09
544509,KRUPALU,Krupalu Metals Ltd,INE0XZB01017,M,2025-09
544510,NCML,Nilachal Carbo Metalicks Ltd,INE346R01013,M,2025-09
544511,KARBON,Karbonsteel Engineering Ltd,INE0V8A01016,M,2025-09
544514,CITYSQUARE,Jay Ambe Supermarkets Ltd,INE1DRH01011,MT,2025-09
544516,AIRFLOA,Airfloa Rail Technology Ltd,INE0XBS01012,M,2025-09
544518,LTELEVATOR,L. T. Elevator Ltd,INE0TJ801010,MT,2025-09
544520,SAMPAT,Sampat Aluminium Ltd,INE10XS01012,M,2025-09
544524,JDCABLES,JD Cables Ltd,INE14VP01014,M,2025-09
544529,APPL,Aptus Pharma Ltd,INE15XJ01010,MT,2025-09
544531,TRUECOLORS,True Colors Ltd,INE1LDV01015,M,2025-09
544535,BHARATROHAN,Bharatrohan Airborne Innovations Ltd,INE0QMV01017,M,2025-09
544538,PRARUH,Praruh Technologies Ltd,INE0TI501017,MT,2025-10
544539,SOLVEX,Solvex Edibles Ltd,INE1IIQ01028,MT,2025-10
544541,SYSTEMATIC,Systematic Industries Ltd,INE1KLZ01011,M,2025-10
544542,JUSTO,Justo Realfintech Ltd,INE0W5Q01017,M,2025-10
544544,TELGE,Telge Projects Ltd,INE0SRP01014,MT,2025-10
544546,CHTR,Chatterbox Technologies Ltd,INE1B4801017,M,2025-10
544548,GPAPL,Gujarat Peanut And Agri Products Ltd,INE0SIK01014,M,2025-10
544549,EARKART,Earkart Ltd,INE1A8F01035,M,2025-10
544551,BHAVIK,Bhavik Enterprises Ltd,INE18PB01017,M,2025-10
544552,RDGAIL,Rukmani Devi Garg Agro Impex Ltd,INE0S5T01017,MT,2025-10
544553,MPKSTEELS,M P K Steels (I) Ltd,INE1PJP01015,M,2025-10
544554,KVSCASTING,KVS Castings Ltd,INE163701019,MT,2025-10
544555,AMEENJI,Ameenji Rubber Ltd,INE14QA01016,MT,2025-10
544556,DHILLON,Dhillon Freight Carrier Ltd,INE0SPJ01011,M,2025-10
544559,OML,Om Metallogic Ltd,INE0R8Q01018,M,2025-10
544560,SODHACAP,Sodhani Capital Ltd,INE0QU501030,M,2025-10
544561,CHIRAHARIT,Chiraharit Ltd,INE12P101018,M,2025-10
544563,ZELIO,Zelio E Mobility Ltd,INE1B3501014,MT,2025-10
544565,VALPLAST,Valplast Technologies Ltd,INE0QP701017,M,2025-10
544566,SUNSKY,Sunsky Logistics Ltd,INE10CM01027,M,2025-10
544567,INFINITY,Infinity Infoway Ltd,INE16XA01017,M,2025-10
544568,ZAPPFRESH,DSM Fresh Foods Ltd,INE0SUM01015,M,2025-10
544571,NSBBPO,NSB BPO Solutions Ltd,INE0SLP01017,M,2025-10
544575,MITTALSTL,Mittal Sections Ltd,INE833Q01012,M,2025-10
544582,SHLOKKA,Shlokka Dyes Ltd,INE1EUB01016,M,2025-10
544584,SKM,SK Minerals & Additives Ltd,INE13YH01017,MT,2025-10
544585,SIHORA,Sihora Industries Ltd,INE0SFA01011,M,2025-10
544594,TRADEUNO,Game Changers Texfab Ltd,INE1GUJ01014,M,2025-11
544596,SAFECURE,Safecure Services Ltd,INE0SVZ01015,M,2025-11
544607,SHTL,Shining Tools Ltd,INE0D8001018,MT,2025-11
544610,WORKMATES,Workmates Core2Cloud Solution Ltd,INE1I1301016,M,2025-11
544611,MAHALIFE,Mahamaya Lifesciences Ltd,INE0U9D01019,M,2025-11
544616,GALLARD,Gallard Steel Ltd,INE0BUQ01012,M,2025-11
544621,SSMD,SSMD Agrotech India Ltd,INE1U2R01013,M,2025-12
544623,MNFL,Mother Nutri Foods Ltd,INE0UH001016,M,2025-12
544624,KKSILK,K K Silk Mills Ltd,INE0EOJ01014,M,2025-12
544625,LOGICIEL,Logiciel Solutions Ltd,INE1BA901016,M,2025-12
544626,EXATO,Exato Technologies Ltd,INE1E4401010,MT,2025-12
544627,PURPLEWAVE,Purple Wave Infocom Ltd,INE0VDK01019,MT,2025-12
544628,ASTRONMULT,Astron Multigrain Ltd,INE0RUY01012,M,2025-12
544629,RAVEL,Ravelcare Ltd,INE0W4D01018,M,2025-12
544630,HELLOJI,Helloji Holidays Ltd,INE1FJE01010,M,2025-12
544635,LUXURY,Luxury Time Ltd,INE1CJB01013,M,2025-12
544636,WOSAL,Western Overseas Study Abroad Ltd,INE1MF401019,M,2025-12
544637,METHODHUB,Methodhub Software Ltd,INE0QZR01017,M,2025-12
544640,RDEL,Riddhi Display Equipments Ltd,INE1DKT01011,M,2025-12
544641,KVTOYS,K. V. Toys India Ltd,INE1IE301018,M,2025-12
544643,PRODOCS,Prodocs Solutions Ltd,INE10XK01019,M,2025-12
544646,SHIPWAVES,Shipwaves Online Ltd,INE0O9L01010,M,2025-12
544648,UNISEM,Unisem Agritech Ltd,INE1FHV01026,M,2025-12
544656,HRS,HRS Aluglaze Ltd,INE1E1V01017,M,2025-12
544657,PAJSON,Pajson Agro India Ltd,INE14LM01012,M,2025-12
544659,STANBIK,Stanbik Agro Ltd,INE16QA01011,M,2025-12
544662,SIMANDHAR,Simandhar Impex Ltd,INE0VI201010,X,2025-12
544663,NEPLOG,Neptune Logitek Ltd,INE1NQ501012,M,2025-12
544665,GLOBALLOG,Global Ocean Logistics India Ltd,INE1ITY01011,M,2025-12
544667,DACHEPALLI,Dachepalli Publishers Ltd,INE1F9M01018,M,2025-12
544668,NANTA,Nanta Tech Ltd,INE0YJA01011,M,2025-12
544669,ADMACH,Admach Systems Ltd,INE0XLO01010,MT,2025-12
544670,BAIKAKAJI,Bai-Kakaji Polymers Ltd,INE1IJQ01026,MT,2025-12
544671,ATIL,Apollo Techno Industries Ltd,INE0X4A01013,M,2025-12
544673,MDRC,Modern Diagnostic & Research Centre Ltd,INE1HK501016,M,2026-01
544675,GTIL,Gabion Technologies India Ltd,INE1H1501013,MT,2026-01
544676,YAJUR,Yajur Fibres Ltd,INE0CNJ01010,M,2026-01
544677,DEFRAIL,Defrail Technologies Ltd,INE0ZE201010,M,2026-01
544680,NARMADESH,Narmadesh Brass Industries Ltd,INE0S1B01014,M,2026-01
544681,INDOSMC,INDO SMC Ltd,INE0WKY01013,M,2026-01
544682,GRERENEW,GRE Renew Enertech Ltd,INE0U8P01015,M,2026-01
544683,ARITAS,Aritas Vinyl Ltd,INE1D8001016,M,2026-01
544684,DIGILOGIC,Digilogic Systems Ltd,INE1OOT01028,MT,2026-01
544686,SHAYONAENG,Shayona Engineering Ltd,INE0UCL01011,M,2026-01
544687,HANNAH,Hannah Joseph Hospital Ltd,INE0JVH01012,M,2026-02
544688,KASTURI,Kasturi Metal Composite Ltd,INE0T1301023,M,2026-02
544693,KANISHK,Kanishk Aluminium India Ltd,INE163401016,M,2026-02
544694,ANL,Accretion Nutraveda Ltd,INE1KVQ01019,M,2026-02
544695,MSAFE,Msafe Equipments Ltd,INE2B5L01011,MT,2026-02
544698,PANHR,PAN HR Solution Ltd,INE1N9E01015,M,2026-02
544707,FIL,Fractal Industries Ltd,INE1W3Q01011,M,2026-02
544708,YASHHTEJ,Yashhtej Industries (India) Ltd,INE1O6P01016,M,2026-02
544710,ACCORDTS,Accord Transformer & Switchgear Ltd,INE132201018,M,2026-03
544711,KIAASA,Kiaasa Retail Ltd,INE1C3F01018,M,2026-03
544724,ELFIN,Elfin Agro India Ltd,INE1FEW01013,M,2026-03
544735,NOVUS,Novus Loyalty Ltd,INE1TFS01019,M,2026-03
544738,SPML,Speciality Medicines Ltd,INE0R0M01014,M,2026-03
544740,TIPCO,Tipco Engineering India Ltd,INE1U6D01014,MT,
544741,HIGHNESS,Highness Microelectronics Ltd,INE1KI801019,MT,2026-04
544746,SCDL,Safety Controls & Devices Ltd,INE0UMH01018,M,2026-04
544747,EMIAC,Emiac Technologies Ltd,INE1OSW01015,M,2026-04
544751,MTL,Mehul Telecom Ltd,INE1K0V01011,M,2026-04
544755,RECODE,Recode Studios Ltd,INE2B6701015,MT,2026-05
544759,GLPL,Goldline Pharmaceutical Ltd,INE1CLW01015,M,2026-05
544765,VPAL,Vegorama Punjabi Angithi Ltd,INE1L3801017,MT,2026-05
544767,AFLTD,Autofurnish Ltd,INE18HI01019,MT,2026-05
544768,MANIVENI,M.R.Maniveni Foods Ltd,INE0YD301010,M,2026-06
544769,HARIKANTA,Harikanta Overseas Ltd,INE1UYW01010,M,2026-06
544770,YAASHVI,Yaashvi Jewellers Ltd,INE1T6L01010,M,2026-06
544771,RFIL,Rajnandini Fashion India Ltd,INE1GM501015,M,2026-06
544772,AUREATE,Aureate Tradde Ltd,INE1KVL01010,MT,2026-06
544773,MRTX,Merritronix Ltd,INE1RQS01010,M,2026-06
544774,SMR,SMR Jewels Ltd,INE11XK01017,M,2026-06
544778,VAHH,Vahh Chemicals Ltd,INE0H3U01013,M,2026-06
544779,UHMVL,UHM Vacation Ltd,INE0YZ901011,M,2026-06
544786,SELECTRIC,Schneider Electric President Systems Ltd,INE155D01018,B,2026-07
544793,SUSAN,Susan Electricals India Ltd,INE2L0V01019,MT,2026-06
544794,HORIZON,Horizon Reclaim (India) Ltd,INE1SEO01013,M,2026-06
544796,LIOTECH,Liotech Industries Ltd,INE0TKX01011,M,2026-06
544797,LESL,Leapfrog Engineering Services Ltd,INE0X6O01027,M,2026-06
544798,DIKSHA,Diksha Polymers Ltd,INE1OSI01014,MT,2026-06
544800,ANUBHAV,Anubhav Plast Ltd,INE1O7201010,M,2026-06
544804,RIYAASAT,Riyaasat Lifestyle Ltd,INE0KYI01012,M,2026-07
544805,JIVIAL,Jivial Industries Ltd,INE0V3T01017,M,2026-07
544807,CRAZY,Crazy Snacks Ltd,INE0RBX01014,M,2026-07
544809,ADON,Adon Agro Commodities Ltd,INE1SME01017,M,2026-07
544810,SILL,Sampark India Logistics Ltd,INE147701010,M,2026-07
544811,KRATIKAL,Kratikal Tech Ltd,INE1L0M01019,M,2026-07
544812,ATHARVA,Atharva Poly-Plast Ltd,INE226801012,MT,2026-07
544813,SEEMAX,Seemax Resources Ltd,INE1EVO01017,M,2026-07
544823,DEVSON,Devson Catalyst Ltd,INE2KRP01017,MT,2026-07
544826,MILLWORKS,Millworks Technologies Ltd,INE1SRC01010,M,2026-07
544831,MEEIND,Meenakshi India Ltd,INE208H01016,B,2026-07
544832,SOTEFIN,Sotefin Bharat Ltd,INE12Z301012,M,2026-07
544834,GULFLLOYDS,Gulf Lloyds (India) Ltd,INE1WDC01012,M,2026-07
544835,MALA,Shree Balaji (Mala) Textiles Ltd,INE1N3Y01016,M,2026-07
544840,SSPRL,Silverstorm Parks And Resorts Ltd,INE1EJ401023,M,2026-07
544843,ADVANCETL,Advance Technoforge Ltd,INE13ZJ01010,M,2026-08
544844,PPEL,Poojaa Precision Engg. Ltd,INE288301026,M,2026-08
544848,HRHYGIENE,H. R. Hygiene Products Ltd,INE17DP01015,M,2026-08
544852,ONEINDIG,Oneindig Technologies Ltd,INE0UR501013,M,2026-08
544854,DHAVAL,Dhaval Packaging Ltd,INE1HX301016,M,2026-08
544855,PRIMAINNO,Prima Innovation Ltd,INE13LA01027,X,2026-08
544856,KLASSROOM,Fusion Klassroom Edutech Ltd,INE1LMA01010,M,2026-08
544858,AEGEUS,Aegeus Technologies Ltd,INE0WR901013,M,2026-08
544859,GVELECTRIC,G V Electricals Ltd,INE1ZGR01024,M,2026-08
544863,LAPL,LAPL Automotive Ltd,INE0X9I01023,M,2026-08
544869,SHAMFOAM,Sham Foam Ltd,INE0Z9N01013,M,2026-08
544872,QTFOODS,Q&T Foods Ltd,INE13G401012,M,2026-08
544876,ENS,ENS Enterprises Ltd,INE23ER01017,M,2026-08
544877,TECHNOCRAT,Technocrats Plasma Systems Ltd,INE19QK01022,MT,2026-08
544883,MOPSHOP,Mopshop Distribution Ltd,INE2F5H01015,M,2026-08
544884,DHANWEL,Dhanwel Hybrid Seeds Ltd,INE0VWO01011,M,2026-08
544895,KWICK,Kwick Forensic Solutions Ltd,INE1SFA01019,M,2026-09
544897,PALUCK,Paluck Technologies Ltd,INE0LHB01010,M,2026-09
544900,CSML,Complete Sports and Management India Ltd,INE2K6801014,M,2026-09
544902,PHYCHEM,Phychem Technologies Ltd,INE24YP01017,M,2026-09
544904,FLYHI,Fly-Hi Maritime Travels Ltd,INE2J7801015,M,2026-09
544905,FARMPEACE,Farm Peace Ltd,INE0W2E01010,M,2026-09
544907,FINANCE,Seksaria Finance Ltd,INE0IBX01013,XT,2026-09
544910,APANA,Apana Logistics Ltd,INE1ET101019,M,2026-09
544919,INFRAX,Infrax Renewable Ltd,INE1YC401018,M,2026-09
544920,AMTECH,Amtech Esters Ltd,INE0RMA01019,M,2026-09
544922,OMG,Om Galaxy Ltd,INE2D0Q01027,M,2026-09
544924,RAKSAN,Raksan Transformers Ltd,INE1S7M01017,M,2026-09
544925,SPEEDEX,Maharaja & Speedex India Ltd,INE0SVD01012,M,2026-09
544926,PANCHATV,Panchatv Bharat Ltd,INE0VXN01011,M,2026-09
544928,CENTURYOOH,Century Business Media Ltd,INE16VF01010,M,2026-09
544930,INJECTO,Injecto Polymers Ltd,INE1JJF01019,M,2026-09
544931,VAMAWOVEN,Vama Wovenfab Ltd,INE1G7R01010,M,2026-09
544932,QAL,Quanto Agroworld Ltd,INE0OAB01019,M,2026-09
544933,SHAKTIPOLY,Shakti Polytarp Ltd,INE05UY01016,M,2026-09
544937,NSE,National Stock Exchange of India Ltd,INE721I01024,A,2026-09
544939,VIVEKANAND,Vivekanand Cotspin Ltd,INE1JJP01018,MT,2026-09
544940,ROBOKIDZ,Robokidz Eduventures Ltd,INE1W8R01018,MT,2026-09
544941,FXML,FX Multitech Ltd,INE1D0M01019,MT,2026-09
544943,HNIL,Himalaya Nutravedics India Ltd,INE1OTR01013,MT,2026-09
544944,ANAND,Anand Seamless Ltd,INE0XDX01018,MT,2026-09
544946,LIQVD,Liqvd Digital India Ltd,INE0CJT01025,MT,2026-09
544947,SKOFFSET,S.K. Offset Ltd,INE2MKZ01017,MT,2026-09
544948,UNITEC,Unitec Fibres Ltd,INE0WOK01014,MT,2026-09
544954,ROOPA,Roopa Screen Ltd,INE2BTZ01011,MT,
544955,PESHWA,Peshwa Wheat Ltd,INE0SR101016,MT,2026-10
544958,SAIURJA,Sai Urja Indo Ventures Ltd,INE1LLG01019,MT,
544961,DUDANI,Dudani Retail Ltd,INE1DLN01012,MT,
544964,ACMEUNIV,Acme Universal Safezone 9 Ltd,INE1KUL01020,MT,2026-10
544966,PIND,Pind Hospitality Ltd,INE0RNF01016,MT,2026-10
544967,SHIVCHEM,Shivchem Agro Ltd,INE18CU01023,MT,2026-10
544971,VANS,Vans Electroengineerings Ltd,INE2SO401011,MT,
544972,BLACKOPAL,Black Opal Consultants Ltd,INE0M3101012,MT,2026-10
544975,DSL,Dove Soft Ltd,INE0NXJ01016,MT,2026-10
544976,OMARA,Omara Ventures India Ltd,INE1IA801011,MT,2026-10
544977,SOLLFEGE,Sollfege Smart Electronics Ltd,INE17HG01015,MT,2026-10
544978,SHREETNB,Shree TNB Polymers Ltd,INE935K01018,MT,
544979,EIMS,Everestims Technologies Ltd,INE0YUW01020,MT,
544980,SJP,Sjp Ultrasonics Ltd,INE0S4601017,MT,
544981,ACMERAIL,Acme India Industries Ltd,INE162701010,MT,
544982,PARASYNTEX,Paramount Syntex Ltd,INE0TBC01014,MT,
544983,TNA,TNA Solutions Ltd,INE10VL01011,MT,2026-10
750942,DHAN-RE,Dhanlaxmi Bank Ltd,INE680A20011,R,
751144,TUNTEX-RE1,Tuni Textile Mills Ltd,INE560D20027,R,
780014,HASJUICE,Has Lifestyle Ltd,INE888Q01016,IP,
780016,WEBSL,Web Element Solutions Ltd,INE562Q01017,IP,
780018,ADHIRAJ,Adhiraj Distributors Ltd,INE067R01015,IP,
