SYMBOL,NAME OF COMPANY,SERIES,DATE OF LISTING,PAID UP VALUE,ISIN NUMBER,FACE VALUE,IPO_YEAR
EVENTIONS,Eventions Limited,ST,2026-10-08,10,INE20M201019,10,2026
PAPADMALJI,Papadmalji Agro Foods Limited,ST,2026-10-07,10,INE1V7901010,10,2026
GREENASIA,Green Asia Impex Limited,ST,2026-10-07,10,INE1WDS01018,10,2026
HIMALAYAN,Himalayan Solar Limited,ST,2026-10-05,10,INE1B7I01014,10,2026
BMISL,Bench Mark Infotech Services Limited,ST,2026-10-05,10,INE2OKU01014,10,2026
POOJALOGIS,Pooja Logistics Limited,ST,2026-09-30,10,INE1C2Q01017,10,2026
COREIN,Coreintegra Consulting Services Limited,ST,2026-09-30,10,INE11ES01010,10,2026
AXIOMGAS,Axiom Gas Engineering Limited,ST,2026-09-25,5,INE16J201028,5,2026
SPECTRAA,SpectraA Technology Solutions Limited,SM,2026-09-24,10,INE0GAN01010,10,2026
KHERIAAUTO,Kheria Autocomp Limited,SM,2026-09-24,10,INE0HOL01013,10,2026
VINOD,Vinod Texworld Limited,SM,2026-09-17,10,INE1A5U01014,10,2026
QUALIANCE,Qualiance International Limited,SM,2026-09-11,10,INE1XJ401012,10,2026
ASHUTOSH,Ashutosh Fibre Limited,SM,2026-09-07,10,INE19FR01012,10,2026
SHANTIINOR,Shanti Inorganics Limited,SM,2026-09-07,10,INE1ZEE01019,10,2026
SUMAX,Sumax Engineering Limited,SM,2026-09-02,10,INE11Z001019,10,2026
ABH,ABH Healthcare Limited,SM,2026-09-01,10,INE1R2M01019,10,2026
MADHURKNIT,Madhur Knit Crafts Limited,SM,2026-09-01,10,INE1P5601010,10,2026
FASCINATE,Fascinate Textiles Limited,SM,2026-08-24,10,INE1Q2D01019,10,2026
SKYTECH,Skytech Infinite Platform Limited,SM,2026-08-21,10,INE0VFE01017,10,2026
CREDENT,Credent Connect N Care Limited,SM,2026-08-20,10,INE1KPX01025,10,2026
PRAMODINI,Pramodini Medicare Limited,SM,2026-08-19,10,INE2JG601017,10,2026
OPTIMYSTIX,Optimystix Entertainment India Limited,SM,2026-08-14,10,INE1JZB01022,10,2026
ANAWIL,Anawil Wire and Engineering Limited,SM,2026-08-10,10,INE1J5V01013,10,2026
PROPSHOP,Propshop Events and Exhibitions Limited,SM,2026-08-03,10,INE1FFX01018,10,2026
METALIC,Metalic Technoforge Limited,ST,2026-07-28,10,INE1II801013,10,2026
HAPPY,Happy Steels Limited,SM,2026-07-16,10,INE1GFG01011,10,2026
ICELCO,IC Electricals Company Limited,SM,2026-07-10,10,INE0XE501015,10,2026
VMOBILE,Vinit Mobile Limited,SM,2026-07-07,10,INE27V201011,10,2026
TEJA,Teja Engineering Industries Limited,SM,2026-07-07,10,INE0R1301019,10,2026
SHREEDHAR,Shreedhar Spinners Limited,ST,2026-07-01,10,INE0K3301012,10,2026
AVIENCE,Avience Biomedicals Limited,SM,2026-06-25,10,INE0V9I01017,10,2026
CLAYCRAFT,Clay Craft India Limited,SM,2026-06-24,10,INE1QGM01024,10,2026
UTKAL,Utkal Speciality Industries India Limited,ST,2026-06-17,10,INE1V1R01014,10,2026
GENXAI,GenXAI Analytics Limited,SM,2026-06-12,10,INE1W0N01014,10,2026
QLINE,Q-Line Biotech Limited,SM,2026-05-29,10,INE1G2W01011,10,2026
BMLL,Bio Medica Laboratories Limited,SM,2026-05-29,10,INE1BKA01015,10,2026
TEAMTECH,Teamtech Formwork Solutions Limited,ST,2026-05-26,5,INE2OL601013,5,2026
NFPSAMPOOR,NFP Sampoorna Foods Limited,SM,2026-05-25,10,INE0T1501010,10,2026
RFBL,RFBL Flexi Pack Limited,ST,2026-05-19,10,INE0V2V01015,10,2026
SIMCA,Simca Advertising Limited,ST,2026-05-15,10,INE1K4J01018,10,2026
VALUE360,Value 360 Communications Limited,SM,2026-05-11,10,INE1E7Y01018,10,2026
AMBAAUTO,Amba Auto Sales and Services Limited,SM,2026-05-05,10,INE293601014,10,2026
ADISOFT,Adisoft Technologies Limited,SM,2026-04-30,10,INE20PL01012,10,2026
VIVIDEL,Vivid Electromech Limited,SM,2026-04-07,10,INE24H301028,10,2026
APSISAERO,Apsis Aerocom Limited,ST,2026-03-18,10,INE1OOJ01011,10,2026
SPCON,Srinibas Pradhan Constructions Limited,SM,2026-03-13,10,INE0TPJ01019,10,2026
ACETEC,Acetech E-Commerce Limited,SM,2026-03-09,10,INE1J6M01010,10,2026
STRIDERS,Striders Impex Limited,SM,2026-03-06,10,INE1XWN01017,10,2026
YAAP,Yaap Digital Limited,SM,2026-03-05,10,INE0U0J01015,10,2026
MOBILISE,Mobilise App Lab Limited,SM,2026-03-02,10,INE1YNB01019,10,2026
MANILAM,Manilam Industries India Limited,SM,2026-02-27,10,INE1ERK01013,10,2026
MARUSHIKA,Marushika Technology Limited,SM,2026-02-19,10,INE0X7G01013,10,2026
BIOPOL,Biopol Chemicals Limited,SM,2026-02-13,10,INE0XW001014,10,2026
GJL,Grover Jewells Limited,ST,2026-02-11,10,INE1TY801010,10,2026
BRANDMAN,Brandman Retail Limited,SM,2026-02-11,10,INE0XUD01014,10,2026
CKKRETAIL,C K K Retail Mart Limited,SM,2026-02-06,10,INE0SMX01019,10,2026
KRMAYURVED,KRM Ayurveda Limited,SM,2026-01-29,10,INE1MTV01019,10,2026
ARMOUR,Armour Security (India) Limited,SM,2026-01-22,10,INE0TZX01019,10,2026
AVANA,Avana Electrosystems Limited,SM,2026-01-20,10,INE1KU201016,10,2026
VICTORYEV,Victory Electric Vehicles International Limited,SM,2026-01-14,5,INE0F8901022,5,2026
E2ERAIL,E To E Transportation Infrastructure Limited,SM,2026-01-02,10,INE1CEJ01017,10,2026
DHARARAIL,Dhara Rail Projects Limited,SM,2025-12-31,10,INE2HJL01019,10,2025
SHYAMDHANI,Shyam Dhani Industries Limited,SM,2025-12-30,10,INE1CRP01016,10,2025
EPWINDIA,EPW India Limited,SM,2025-12-30,5,INE1KEC01023,5,2025
SOCL,Sundrex Oil Company Limited,SM,2025-12-30,10,INE0CTB01014,10,2025
MARC,Marc Technocrats Limited,ST,2025-12-24,10,INE0TD401015,10,2025
EXIMROUTES,Exim Routes Limited,SM,2025-12-19,5,INE19I001020,5,2025
ASHWINI,Ashwini Container Movers Limited,SM,2025-12-19,10,INE1A6Q01010,10,2025
ENCOMPAS,Encompass Design India Limited,SM,2025-12-12,10,INE433T01015,10,2025
FWSTC,Flywings Simulator Training Centre Limited,SM,2025-12-12,10,INE0SQZ01015,10,2025
SHRIKANHA,Shri Kanha Stainless Limited,SM,2025-12-10,10,INE1V4601019,10,2025
NEOCHEM,Neochem Bio Solutions Limited,SM,2025-12-09,10,INE21UM01018,10,2025
SPEB,Speb Adhesives Limited,SM,2025-12-08,10,INE1CW901027,10,2025
INVICTA,Invicta Diagnostic Limited,SM,2025-12-08,10,INE0XJ501010,10,2025
CSSL,Clear Secured Services Limited,SM,2025-12-08,10,INE1EF801010,10,2025
CURIS,Curis Lifesciences Limited,ST,2025-11-14,10,INE1BZN01016,10,2025
FINBUD,Finbud Financial Services Limited,SM,2025-11-13,10,INE0EDU01014,10,2025
SHETHJI,Shreeji Global FMCG Limited,SM,2025-11-12,10,INE1FL101016,10,2025
JAYESH,Jayesh Logistics Limited,SM,2025-11-03,10,INE1AE401014,10,2025
GREENLEAF,Greenleaf Envirotech Limited,SM,2025-10-09,10,INE0PLX01017,10,2025
MUNISH,Munish Forge Limited,SM,2025-10-08,10,INE1K8Y01018,10,2025
SHEEL,Sheel Biotech Limited,SM,2025-10-08,10,INE0YJV01017,10,2025
BAGDIGITAL,B.A.G. Convergence Limited,SM,2025-10-08,10,INE17CQ01015,10,2025
VIJAYPD,Vijaypd Ceutical Limited,SM,2025-10-07,10,INE0WL901019,10,2025
SUBAHOTELS,Suba Hotels Limited,SM,2025-10-07,10,INE0RYR01018,10,2025
MPEL,Manas Polymers and Energies Limited,SM,2025-10-06,10,INE0U4H01011,10,2025
GURUNANAK,Gurunanak Agriculture India Limited,SM,2025-10-01,10,INE1CCX01012,10,2025
ECOLINE,Ecoline Exim Limited,SM,2025-09-30,10,INE0VBS01016,10,2025
MGSL,Matrix Geo Solutions Limited,SM,2025-09-30,10,INE132901013,10,2025
PRIMECAB,Prime Cable Industries Limited,ST,2025-09-29,5,INE0CQA01020,5,2025
SIDDHICOTS,Siddhi Cotspin Limited,SM,2025-09-26,10,INE0SVO01019,10,2025
TECHD,TechD Cybersecurity Limited,SM,2025-09-22,10,INE0Y5H01014,10,2025
GML,Galaxy Medicare Limited,SM,2025-09-17,10,INE09A801015,10,2025
TAURIAN,Taurian MPS Limited,ST,2025-09-16,10,INE0XWS01018,10,2025
VIGOR,Vigor Plast India Limited,SM,2025-09-12,10,INE1DM601016,10,2025
OPTIVALUE,Optivalue Tek Consulting Limited,ST,2025-09-10,10,INE15B101011,10,2025
SNEHAA,Snehaa Organics Limited,SM,2025-09-05,10,INE1OIC01018,10,2025
SATTVAENGG,Sattva Engineering Construction Limited,SM,2025-09-03,10,INE14DW01018,10,2025
CURRENT,Current Infraprojects Limited,SM,2025-09-03,10,INE1CRQ01014,10,2025
CLASSICEIL,Classic Electrodes (India) Limited,SM,2025-09-01,10,INE0UQ601012,10,2025
SHIVASHRIT,Shivashrit Foods Limited,SM,2025-09-01,10,INE1DLF01018,10,2025
ANONDITA,Anondita Medicare Limited,SM,2025-09-01,10,INE0VTV01012,10,2025
ARCIIL,ARC Insulation & Insulators Limited,SM,2025-08-29,10,INE0YDV01010,10,2025
STUDIOLSD,Studio LSD Limited,SM,2025-08-25,2,INE17VO01028,2,2025
MRIL,Mahendra Realtors & Infrastructure Limited,ST,2025-08-20,10,INE632Q01018,10,2025
MEDISTEP,Medistep Healthcare Limited,SM,2025-08-18,10,INE0UOY01019,10,2025
AMCL,ANB Metal Cast Limited,SM,2025-08-18,10,INE0VG001016,10,2025
CONNPLEX,Connplex Cinemas Limited,SM,2025-08-14,10,INE0EAS01014,10,2025
SAWALIYA,Sawaliya Food Products Limited,SM,2025-08-14,10,INE10VS01016,10,2025
AARADHYA,Aaradhya Disposal Industries Limited,ST,2025-08-11,10,INE124401014,10,2025
PARTH,Parth Electricals & Engineering Limited,SM,2025-08-11,10,INE1H7V01011,10,2025
JYOTIGLOBL,Jyoti Global Plast Limited,SM,2025-08-11,10,INE1M3T01017,10,2025
BHADORA,Bhadora Industries Limited,ST,2025-08-11,10,INE0ZRC01017,10,2025
FLYSBS,FlySBS Aviation Limited,SM,2025-08-08,10,INE0VCK01011,10,2025
CUDML,Cash Ur Drive Marketing Limited,SM,2025-08-07,10,INE0WL201014,10,2025
RNPL,Renol Polychem Limited,SM,2025-08-07,10,INE0VZX01015,10,2025
KAYTEX,Kaytex Fabrics Limited,SM,2025-08-05,10,INE13ZD01013,10,2025
SELLOWRAP,Sellowrap Industries Limited,SM,2025-08-01,10,INE0IJF01013,10,2025
TSC,TSC India Limited,ST,2025-07-30,10,INE16VK01010,10,2025
SAVY,Savy Infra and Logistics Limited,SM,2025-07-28,10,INE0UCN01017,10,2025
SPUNWEB,Spunweb Nonwoven Limited,SM,2025-07-21,10,INE19QH01010,10,2025
SMARTEN,Smarten Power Systems Limited,SM,2025-07-14,10,INE14GK01016,10,2025
WHITEFORCE,Happy Square Outsourcing Services Limited,SM,2025-07-10,10,INE0TLP01015,10,2025
ETL,Emkay Tools Limited,SM,2025-07-08,1,INE0PXC01024,1,2025
CEDAAR,Cedaar Textile Limited,SM,2025-07-07,10,INE11J101017,10,2025
SILKY,Silky Overseas Limited,SM,2025-07-07,10,INE0SN801015,10,2025
PUSHPA,Pushpa Jewellers Limited,SM,2025-07-07,10,INE154801018,10,2025
MMEL,Moving Media Entertainment Limited,SM,2025-07-03,10,INE0XM301010,10,2025
PROFX,Pro FX Tech Limited,SM,2025-07-03,10,INE0VJT01017,10,2025
RTL,Rama Telecom Limited,SM,2025-07-02,10,INE14W901010,10,2025
SUNTECH,Suntech Infra Solutions Limited,SM,2025-07-02,10,INE0SGZ01016,10,2025
SHKSIL,Shri Hare-Krishna Sponge Iron Limited,SM,2025-07-01,10,INE0NON01025,10,2025
AAKAAR,Aakaar Medical Technologies Limited,SM,2025-06-27,10,INE1GYP01013,10,2025
MAYASHEEL,Mayasheel Ventures Limited,SM,2025-06-27,10,INE0ZTO01018,10,2025
SAFEENTP,Safe Enterprises Retail Fixtures Limited,SM,2025-06-27,5,INE17D601016,5,2025
INFLUX,Influx Healthtech Limited,SM,2025-06-25,10,INE0MYZ01012,10,2025
EEPL,Eppeltone Engineers Limited,ST,2025-06-24,10,INE11HF01010,10,2025
SAMAY,Samay Project Services Limited,ST,2025-06-23,10,INE124101010,10,2025
PATILAUTOM,Patil Automation Limited,ST,2025-06-23,10,INE17GV01016,10,2025
MONOLITH,Monolithisch India Limited,SM,2025-06-19,10,INE1DV401010,10,2025
JAINIK,Jainik Power Cables Limited,ST,2025-06-17,10,INE0XIL01012,10,2025
SACHEEROME,Sacheerome Limited,SM,2025-06-16,10,INE1ARD01016,10,2025
GANGABATH,Ganga Bath Fittings Limited,SM,2025-06-11,10,INE0ZI101018,10,2025
NRVANDANA,N R Vandana Tex Industries Limited,SM,2025-06-04,10,INE104101014,10,2025
NEPTUNE,Neptune Petrochemicals Limited,SM,2025-06-04,10,INE156901014,10,2025
NIKITA,NIKITA GREENTECH RECYCLING LIMITED,SM,2025-06-03,10,INE0FLF01015,10,2025
BLUEWATER,Blue Water Logistics Limited,ST,2025-06-03,10,INE0X3M01010,10,2025
DCCL,Dar Credit & Capital Limited,SM,2025-05-28,10,INE04Q901010,10,2025
ACCPL,Accretion Pharmaceuticals Limited,ST,2025-05-21,10,INE0T8T01010,10,2025
INTEGRITY,Integrity Infrabuild Developers Limited,SM,2025-05-20,10,INE0YSH01017,10,2025
VGINFOTECH,Virtual Galaxy Infotech Limited,SM,2025-05-19,10,INE0VRH01015,10,2025
ARUNAYA,Arunaya Organics Limited,SM,2025-05-07,10,INE0TTG01017,10,2025
IWARE,Iware Supplychain Services Limited,ST,2025-05-06,10,INE1AII01014,10,2025
TANKUP,Tankup Engineers Limited,ST,2025-04-30,10,INE0Z7N01017,10,2025
SHRIAHIMSA,Shri Ahimsa Naturals Limited,SM,2025-04-02,10,INE0DM401012,10,2025
ATCENERGY,ATC Energies System Limited,SM,2025-04-02,10,INE0V0Q01019,10,2025
RAPIDFLEET,Rapid Fleet Management Services Limited,SM,2025-03-28,10,INE0QX901013,10,2025
ACTIVEINFR,Active Infrastructures Limited,SM,2025-03-28,5,INE0KLO01025,5,2025
GCHOTELS,Grand Continent Hotels Limited,SM,2025-03-27,10,INE12E301017,10,2025
DIVINEHIRA,Divine Hira Jewellers Limited,ST,2025-03-24,10,INE0NA501011,10,2025
BALAJIPHOS,Balaji Phosphates Limited,SM,2025-03-07,10,INE0PQ601019,10,2025
HPTL,HP Telecom India Limited,ST,2025-02-28,10,INE0VA601019,10,2025
TEJASCARGO,Tejas Cargo India Limited,SM,2025-02-24,10,INE17WC01013,10,2025
ROYALARC,Royal Arc Electrodes Limited,SM,2025-02-24,10,INE0EO401019,10,2025
PSRAJ,P S Raj Steels Limited,SM,2025-02-19,2,INE0XUS01020,2,2025
VOLERCAR,Voler Car Limited,SM,2025-02-19,10,INE241X01014,10,2025
MAXVOLT,Maxvolt Energy Industries Limited,SM,2025-02-19,10,INE10A501018,10,2025
CHANDAN,Chandan Healthcare Limited,SM,2025-02-17,10,INE0B2N01016,10,2025
ELGNZ,Eleganz Interiors Limited,SM,2025-02-14,10,INE0R9101015,10,2025
READYMIX,Readymix Construction Machinery Limited,SM,2025-02-13,10,INE10QL01011,10,2025
KEN,Ken Enterprises Limited,SM,2025-02-12,10,INE15DO01012,10,2025
CHAMUNDA,Chamunda Electrical Limited,SM,2025-02-11,10,INE11HG01018,10,2025
REXPRO,Rexpro Enterprises Limited,SM,2025-01-29,10,INE113601012,10,2025
EMAPARTNER,EMA Partners India Limited,SM,2025-01-24,5,INE0ZOL01023,5,2025
KKJEWELS,Kabra Jewels Limited,SM,2025-01-22,10,INE0XOW01017,10,2025
BARFLEX,Barflex Polyfilms Limited,SM,2025-01-20,10,INE0QX401014,10,2025
SATKARTAR,Sat Kartar Life Limited,SM,2025-01-17,10,INE0NB801022,10,2025
DELTIC,Delta Autocorp Limited,SM,2025-01-14,10,INE0XRN01019,10,2025
ANYA,Anya Polytech & Fertilizers Limited,SM,2025-01-02,2,INE0SI601032,2,2025
NMSTEEL,Newmalayalam Steel Limited,SM,2024-12-27,10,INE0TP801012,10,2024
IDENTICAL,Identical Brains Studios Limited,SM,2024-12-26,10,INE0TD101011,10,2024
SFML,Supreme Facility Management Limited,SM,2024-12-18,10,INE0U6N01014,10,2024
PURPLEUTED,Purple United Sales Limited,SM,2024-12-18,10,INE0P5R01014,10,2024
DHANLAXMI,Dhanlaxmi Crop Science Limited,SM,2024-12-16,10,INE0V9V01010,10,2024
ETML,Emerald Tyre Manufacturers Limited,SM,2024-12-12,10,INE0RHD01013,10,2024
GANESHIN,Ganesh Infraworld Limited,SM,2024-12-06,5,INE0TVT01024,5,2024
AGARWALTUF,Agarwal Toughened Glass India Limited,SM,2024-12-05,10,INE0P8X01016,10,2024
APEXECO,Apex Ecotech Limited,ST,2024-12-04,10,INE0T4V01015,10,2024
ABHAPOWER,Abha Power and Steel Limited,SM,2024-12-04,10,INE0UYG01015,10,2024
C2C,C2C Advanced Systems Limited,SM,2024-12-03,10,INE0U7V01015,10,2024
RAJPUTANA,Rajputana Biodiesel Limited,SM,2024-12-03,10,INE0VHU01019,10,2024
ITTL,Innovative Tyres & Tubes Limited,ST,2024-12-02,10,INE070Y01023,10,2024
LAMOSAIC,Lamosaic India Limited,ST,2024-11-29,10,INE0R0201012,10,2024
ONYX,Onyx Biotec Limited,ST,2024-11-22,10,INE0WVU01018,10,2024
NEELAM,Neelam Linens and Garments (India) Limited,SM,2024-11-18,10,INE0N1401016,10,2024
USHAFIN,Usha Financial Services Limited,ST,2024-10-31,10,INE0LS001014,10,2024
UHTL,United Heat Transfer Limited,ST,2024-10-29,10,INE0SMR01011,10,2024
DANISH,Danish Power Limited,SM,2024-10-29,10,INE0YU901016,10,2024
OBSCP,OBSC Perfection Limited,SM,2024-10-29,10,INE0YHV01011,10,2024
PREMIUM,Premium Plast Limited,SM,2024-10-28,10,INE0M1F01011,10,2024
FRESHARA,Freshara Agro Exports Limited,ST,2024-10-24,10,INE0SFW01015,10,2024
LAKSHYA,Lakshya Powertech Limited,SM,2024-10-23,10,INE0VZS01015,10,2024
PRANIK,Pranik Logistics Limited,SM,2024-10-17,10,INE0VJG01014,10,2024
PARAMOUNT,Paramount Dye Tec Limited,SM,2024-10-08,10,INE0TG801013,10,2024
SAJHOTELS,Saj Hotels Limited,ST,2024-10-07,10,INE00MT01022,10,2024
HVAX,HVAX Technologies Limited,SM,2024-10-07,10,INE0TO501019,10,2024
SAHASRA,Sahasra Electronic Solutions Limited,SM,2024-10-04,10,INE0RBQ01018,10,2024
FORGEAUTO,Forge Auto International Limited,SM,2024-10-04,10,INE0YKW01013,10,2024
DIVYADHAN,Divyadhan Recycling Industries Limited,SM,2024-10-04,10,INE0QYI01019,10,2024
TECHERA,TechEra Engineering (India) Limited,SM,2024-10-03,10,INE0JQS01019,10,2024
UNILEX,Unilex Colours and Chemicals Limited,SM,2024-10-03,10,INE0B2801011,10,2024
THESL,Thinking Hats Entertainment Solutions Limited,ST,2024-10-03,10,INE0SHE01019,10,2024
RAPPID,Rappid Valves (India) Limited,SM,2024-09-30,10,INE0MVO01012,10,2024
WOL3D,Wol 3D India Limited,SM,2024-09-30,10,INE0OO201011,10,2024
SDREAMS,S D Retail Limited,SM,2024-09-27,10,INE0X6F01017,10,2024
AVIANSH,Avi Ansh Textile Limited,SM,2024-09-27,10,INE0TFB01017,10,2024
BIKEWO,Bikewo Green Tech Limited,ST,2024-09-27,10,INE0SQH01013,10,2024
PHOGLOBAL,Phoenix Overseas Limited,SM,2024-09-27,10,INE0FPO01018,10,2024
KALANA,Kalana Ispat Limited,SM,2024-09-26,10,INE0T0L01014,10,2024
PSFL,Paramount Speciality Forgings Limited,SM,2024-09-25,10,INE0Q6001012,10,2024
PELATRO,Pelatro Limited,SM,2024-09-24,10,INE0VG601013,10,2024
DECCANTRAN,Deccan Transcon Leasing Limited,SM,2024-09-24,10,INE0S7C01019,10,2024
OSELDEVICE,Osel Devices Limited,SM,2024-09-24,10,INE0RMF01018,10,2024
ENVIRO,Envirotech Systems Limited,SM,2024-09-24,10,INE0SUH01015,10,2024
EXCELLENT,Excellent Wires and Packaging Limited,ST,2024-09-19,10,INE0Y4801011,10,2024
INNOMET,Innomet Advanced Materials Limited,ST,2024-09-18,10,INE0S1D01010,10,2024
SPPPOLY,SPP Polymer Limited,SM,2024-09-17,10,INE0QR801013,10,2024
GAJANAND,Gajanand International Limited,SM,2024-09-16,10,INE0QTE01018,10,2024
SHUBHSHREE,Shubhshree Biofuels Energy Limited,SM,2024-09-16,10,INE0UL701015,10,2024
AUSL,Aditya Ultra Steel Limited,SM,2024-09-16,10,INE01YQ01013,10,2024
VIESL,Vision Infra Equipment Solutions Limited,SM,2024-09-13,10,INE0TR001017,10,2024
MYMUDRA,My Mudra Fincorp Limited,SM,2024-09-12,10,INE0RVQ01016,10,2024
NAMOEWASTE,Namo eWaste Management Limited,SM,2024-09-11,10,INE08NZ01012,10,2024
JEYYAM,Jeyyam Global Foods Limited,SM,2024-09-09,5,INE0RXB01022,5,2024
BOSS,Boss Packaging Solutions Limited,ST,2024-09-06,10,INE0QNI01012,10,2024
AERON,Aeron Composite Limited,SM,2024-09-04,10,INE0WL801011,10,2024
PARAMATRIX,Paramatrix Technologies Limited,SM,2024-09-04,10,INE0S2W01018,10,2024
VDEAL,Vdeal System Limited,SM,2024-09-03,10,INE0U2M01015,10,2024
JAYBEE,Jay Bee Laminations Limited,SM,2024-09-03,10,INE0SMY01017,10,2024
IPHL,Indian Phosphate Limited,SM,2024-09-03,10,INE0DHF01018,10,2024
IDEALTECHO,Ideal Technoplast Industries Limited,SM,2024-08-28,10,INE0T9I01011,10,2024
QVCEL,QVC Exports Limited,SM,2024-08-28,10,INE0KZF01015,10,2024
BRACEPORT,Brace Port Logistics Limited,SM,2024-08-26,10,INE0R4Z01018,10,2024
FORCAS,Forcas Studio Limited,ST,2024-08-26,10,INE0U2501017,10,2024
BALCO,Solve Plastic Products Limited,SM,2024-08-21,10,INE0U0201016,10,2024
POSITRON,Positron Energy Limited,SM,2024-08-20,10,INE0S3H01017,10,2024
SUNLITE,Sunlite Recycling Industries Limited,SM,2024-08-20,10,INE0U2N01013,10,2024
AESTHETIK,Aesthetik Engineers Limited,SM,2024-08-16,10,INE0TSF01011,10,2024
PPSL,Picturepost Studios Limited,SM,2024-08-09,1,INE0YAL01017,1,2024
DHARIWAL,Dhariwalcorp Limited,SM,2024-08-08,2,INE0YRN01025,2,2024
UTSSAV,Utssav CZ Gold Jewels Limited,SM,2024-08-07,10,INE06IJ01010,10,2024
ASHALOG,Ashapura Logistics Limited,SM,2024-08-06,10,INE0LAA01017,10,2024
RAJINDLTD,Rajputana Industries Limited,SM,2024-08-06,10,INE0PCU01012,10,2024
BULKCORP,Bulkcorp International Limited,ST,2024-08-06,10,INE0SZ301012,10,2024
SSEGL,Sathlokhar Synergys E&C Global Limited,SM,2024-08-06,10,INE0RFP01011,10,2024
SATECH,S A Tech Software India Limited,SM,2024-08-02,10,INE0BSN01013,10,2024
ESPRIT,Esprit Stones Limited,SM,2024-08-02,10,INE0SBP01018,10,2024
APRAMEYA,Aprameya Engineering Limited,SM,2024-08-01,10,INE0LQG01010,10,2024
TROM,Trom Industries Limited,SM,2024-08-01,10,INE0SYV01018,10,2024
CHETANA,Chetana Education Limited,SM,2024-07-31,10,INE0U1T01012,10,2024
MIEL,Manglam Infra & Engineering Limited,SM,2024-07-31,10,INE0R3101011,10,2024
VLINFRA,V.L.Infraprojects Limited,SM,2024-07-30,10,INE0QXL01015,10,2024
RNFI,RNFI Services Limited,SM,2024-07-29,10,INE0SA001017,10,2024
KATARIA,Kataria Industries Limited,ST,2024-07-24,10,INE0SVY01018,10,2024
MACOBSTECH,Macobs Technologies Limited,SM,2024-07-24,10,INE0R0J01010,10,2024
TUNWAL,Tunwal E-Motors Limited,SM,2024-07-23,2,INE0OXV01027,2,2024
PRIZOR,Prizor Viztech Limited,ST,2024-07-22,10,INE0V9N01017,10,2024
SATIPOLY,Sati Poly Plast Limited,SM,2024-07-22,10,INE0RPM01017,10,2024
SAHAJSOLAR,Sahaj Solar Limited,SM,2024-07-19,10,INE0P4701011,10,2024
EFFWA,Effwa Infra & Research Limited,SM,2024-07-12,10,INE0U9101019,10,2024
GGBL,Ganesh Green Bharat Limited,SM,2024-07-12,10,INE0R8C01018,10,2024
DHANSA,Dhansa Labs Limited,ST,2024-07-11,10,INE0M3I01029,10,2024
NEPHROCARE,Nephro Care India Limited,SM,2024-07-05,10,INE0SUN01013,10,2024
DTL,Diensten Tech Limited,SM,2024-07-03,10,INE0JRD01019,10,2024
AKIKO,Akiko Global Services Limited,SM,2024-07-02,10,INE0PMR01017,10,2024
DPEL,Divine Power Energy Limited,SM,2024-07-02,10,INE0SCO01019,10,2024
PCCL,Petro Carbon and Chemicals Limited,SM,2024-07-02,10,INE998U01015,10,2024
VISAMAN,Visaman Global Sales Limited,SM,2024-07-01,10,INE0BHK01012,10,2024
MASON,Mason Infratech Limited,SM,2024-07-01,10,INE0SH001010,10,2024
SYLVANPLY,Sylvan Plyboard (India) Limited,SM,2024-07-01,10,INE01IH01015,10,2024
SPCL,Shivalic Power Control Limited,SM,2024-07-01,10,INE0T7B01010,10,2024
MEDIORG,Medicamen Organics Limited,SM,2024-06-28,10,INE0PE401018,10,2024
WINNY,Winny Immigration & Education Services Limited,SM,2024-06-27,10,INE0S9101013,10,2024
FALCONTECH,Falcon Technoprojects India Limited,SM,2024-06-26,10,INE0PQK01013,10,2024
DURLAX,Durlax Top Surface Limited,SM,2024-06-26,10,INE0OUW01013,10,2024
GPECO,GP Eco Solutions India Limited,SM,2024-06-24,10,INE0S7E01015,10,2024
TBI,TBI Corn Limited,SM,2024-06-07,10,INE0N2D01013,10,2024
AIMTRON,Aimtron Electronics Limited,SM,2024-06-06,10,INE0RUV01018,10,2024
ZTECH,Z-Tech (India) Limited,SM,2024-06-05,10,INE0ISZ01012,10,2024
BEACON,Beacon Trusteeship Limited,SM,2024-06-04,10,INE639X01027,10,2024
VILAS,Vilas Transcore Limited,SM,2024-06-03,10,INE0AZY01017,10,2024
GSMFOILS,GSM Foils Limited,SM,2024-05-31,10,INE0SQY01018,10,2024
RULKA,Rulka Electricals Limited,SM,2024-05-24,10,INE0R7301013,10,2024
HOACFOODS,Hoac Foods India Limited,ST,2024-05-24,10,INE0S6S01017,10,2024
QUESTLAB,Quest Laboratories Limited,SM,2024-05-23,10,INE0TNW01017,10,2024
IEML,Indian Emulsifiers Limited,ST,2024-05-22,10,INE0RRU01016,10,2024
VERITAAS,Veritaas Advertising Limited,SM,2024-05-21,10,INE0SRI01019,10,2024
MANDEEP,Mandeep Auto Industries Limited,SM,2024-05-21,10,INE0R3T01013,10,2024
ABSMARINE,ABS Marine Services Limited,SM,2024-05-21,10,INE0QRV01016,10,2024
PRLIND,Premier Roadlines Limited,SM,2024-05-17,10,INE0CFG01012,10,2024
EMMIL,Energy Mission Machineries (India) Limited,SM,2024-05-16,10,INE0S1L01013,10,2024
SILKFLEX,Silkflex Polymers (India) Limited,SM,2024-05-15,10,INE0STN01015,10,2024
REFRACTORY,Refractory Shapes Limited,SM,2024-05-14,10,INE0TNX01015,10,2024
WINSOL,Winsol Engineers Limited,SM,2024-05-14,10,INE0S3D01016,10,2024
SLONE,Slone Infosystems Limited,SM,2024-05-10,10,INE0SMA01017,10,2024
RBS,Ramdevbaba Solvent Limited,SM,2024-04-23,10,INE0RJH01010,10,2024
BIRDYS,Grill Splendour Services Limited,SM,2024-04-23,10,INE0PC901019,10,2024
DCG,DCG Cables & Wires Limited,ST,2024-04-16,10,INE0S8401018,10,2024
TGL,Teerth Gopicon Limited,ST,2024-04-16,10,INE0K6601012,10,2024
DRSCARGO,DRS Cargo Movers Limited,SM,2024-04-10,10,INE0QZM01018,10,2024
ALUWIND,ALUWIND INFRA-TECH LIMITED,SM,2024-04-09,10,INE0STM01017,10,2024
CGRAPHICS,Creative Graphics Solutions India Limited,SM,2024-04-09,10,INE0R7401011,10,2024
YASHOPTICS,Yash Optics & Lens Limited,SM,2024-04-08,10,INE0TO601017,10,2024
K2INFRA,K2 Infragen Limited,SM,2024-04-08,10,INE0DEZ01013,10,2024
RADIOWALLA,Radiowalla Network Limited,ST,2024-04-05,10,INE430U01019,10,2024
TAC,TAC Infosec Limited,ST,2024-04-05,10,INE0SOY01013,10,2024
TRUST,Trust Fintech Limited,SM,2024-04-04,10,INE0SWN01019,10,2024
BLUEPEBBLE,Blue Pebble Limited,ST,2024-04-03,10,INE0SAK01011,10,2024
ASPIRE,Aspire & Innovative Advertising Limited,SM,2024-04-03,10,INE0S7801010,10,2024
NAMAN,Naman Industries Proxima Limited,ST,2024-04-02,10,INE0RJM01010,10,2024
VISHWAS,Vishwas Agri Seeds Limited,SM,2024-04-01,10,INE0S2E01016,10,2024
ENSER,Enser Communications Limited,SM,2024-03-22,2,INE0R9I01021,2,2024
ENFUSE,Enfuse Solutions Limited,SM,2024-03-22,10,INE0S3X01014,10,2024
AVPINFRA,AVP Infracon Limited,SM,2024-03-20,10,INE0R9401019,10,2024
SIGNORIA,Signoria Creation Limited,ST,2024-03-19,10,INE0RDE01010,10,2024
PRATHAM,Pratham EPC Projects Limited,SM,2024-03-18,10,INE0QA601016,10,2024
SHREEKARNI,Shree Karni Fabcom Limited,SM,2024-03-14,10,INE0S4Y01010,10,2024
SONAMAC,Sona Machinery Limited,SM,2024-03-13,10,INE0Q6H01012,10,2024
VR,V R Infraspace Limited,SM,2024-03-12,10,INE0QQM01017,10,2024
MVKAGRO,M.V.K. Agro Food Product Limited,SM,2024-03-07,10,INE0SGC01015,10,2024
PURVFLEXI,Purv Flexipack Limited,SM,2024-03-05,10,INE0R6C01012,10,2024
OWAIS,Owais Metal And Mineral Processing Limited,SM,2024-03-04,10,INE0R8M01017,10,2024
SADHAV,Sadhav Shipping Limited,SM,2024-03-01,10,INE0K5H01010,10,2024
ZENITHDRUG,Zenith Drugs Limited,SM,2024-02-27,10,INE0QWN01013,10,2024
DEEM,Deem Roll Tech Limited,SM,2024-02-27,10,INE586O01011,10,2024
ESCONET,Esconet Technologies Limited,ST,2024-02-23,10,INE0RQZ01017,10,2024
TCL,Thaai Casting Limited,SM,2024-02-23,10,INE0QJL01014,10,2024
ATMASTCO,Atmastco Limited,SM,2024-02-23,10,INE05DH01017,10,2024
INM,Interiors & More Limited,SM,2024-02-23,10,INE0OPC01015,10,2024
WTICAB,Wise Travel India Limited,SM,2024-02-19,10,INE623Y01011,10,2024
POLYSIL,Polysil Irrigation Systems Limited,SM,2024-02-16,10,INE517M01028,10,2024
ALPEXSOLAR,Alpex Solar Limited,SM,2024-02-15,10,INE0R4701017,10,2024
ITALIANE,Italian Edibles Limited,SM,2024-02-12,10,INE0R7R01018,10,2024
BAWEJA,Baweja Studios Limited,SM,2024-02-06,10,INE0JFJ01011,10,2024
MEGATHERM,Megatherm Induction Limited,SM,2024-02-05,10,INE531R01010,10,2024
DHTL,Docmode Health Technologies Limited,SM,2024-02-02,10,INE0OGG01015,10,2024
DELAPLEX,Delaplex Limited,SM,2024-02-02,10,INE0SK801018,10,2024
FONEBOX,Fonebox Retail Limited,ST,2024-02-02,10,INE0Q4701019,10,2024
ADDICTIVE,Addictive Learning Technology Limited,ST,2024-01-30,10,INE0RDH01021,10,2024
KONSTELEC,Konstelec Engineers Limited,ST,2024-01-30,10,INE0QEI01011,10,2024
MAXPOSURE,Maxposure Limited,SM,2024-01-23,10,INE0ECC01022,10,2024
APS,Australian Premium Solar (India) Limited,SM,2024-01-18,10,INE0P0001010,10,2024
IBLFL,IBL Finance Limited,SM,2024-01-16,10,INE0O7401018,10,2024
KLL,Kaushalya Logistics Limited,ST,2024-01-08,10,INE0Q2V01012,10,2024
KCEIL,Kay Cee Energy & Infra Limited,SM,2024-01-05,10,INE0RCG01017,10,2024
AKANKSHA,Akanksha Power and Infrastructure Limited,SM,2024-01-03,10,INE0PCY01014,10,2024
HRHNEXT,HRH Next Services Limited,SM,2024-01-03,10,INE0R3501012,10,2024
SAIFL,Sameera Agro And Infra Limited,SM,2024-01-01,10,INE0PZA01015,10,2024
TECHLABS,Trident Techlabs Limited,SM,2023-12-29,10,INE0QD201012,10,2023
INDIFRA,Indifra Limited,SM,2023-12-29,10,INE0PS301014,10,2023
SUPREMEPWR,Supreme Power Equipment Limited,SM,2023-12-29,10,INE0QHG01026,10,2023
EFORCE,Electro Force (India) Limited,SM,2023-12-27,10,INE0Q1W01012,10,2023
SHREEOSFM,Shree OSFM E-Mobility Limited,SM,2023-12-21,10,INE02S501018,10,2023
SJLOGISTIC,S J Logistics (India) Limited,SM,2023-12-19,10,INE0F3301020,10,2023
PRESSTONIC,Presstonic Engineering Limited,ST,2023-12-18,10,INE0R1601012,10,2023
ACCENTMIC,Accent Microcell Limited,SM,2023-12-15,10,INE0Q5D01013,10,2023
GRAPHISAD,Graphisads Limited,SM,2023-12-13,10,INE0POU01017,10,2023
SHEETAL,Sheetal Universal Limited,SM,2023-12-11,10,INE04VX01019,10,2023
MARINETRAN,Marinetrans India Limited,ST,2023-12-08,10,INE0P1P01017,10,2023
CBAZAAR,Net Avenue Technologies Limited,SM,2023-12-08,1,INE518X01015,1,2023
ROCKINGDCE,Rockingdeals Circular Economy Limited,SM,2023-11-30,10,INE0PTR01012,10,2023
SUNREST,Sunrest Lifescience Limited,SM,2023-11-20,10,INE0PLZ01012,10,2023
ROXHITECH,Rox Hi Tech Limited,ST,2023-11-16,10,INE0PDJ01013,10,2023
BABAFP,Baba Food Processing (India) Limited,SM,2023-11-15,10,INE0QW501012,10,2023
MICROPRO,Micropro Software Solutions Limited,SM,2023-11-10,10,INE0PZK01014,10,2023
SARTELE,Sar Televenture Limited,SM,2023-11-08,2,INE0PUC01020,2,2023
MAITREYA,Maitreya Medicare Limited,SM,2023-11-07,10,INE0PLQ01011,10,2023
TRANSTEEL,Transteel Seating Technologies Limited,SM,2023-11-06,10,INE0NVI01020,10,2023
SHANTHALA,Shanthala FMCG Products Limited,SM,2023-11-03,10,INE0Q9Q01017,10,2023
PARAGON,Paragon Fine and Speciality Chemical Limited,SM,2023-11-03,10,INE0N4G01012,10,2023
ONDOOR,On Door Concepts Limited,SM,2023-11-01,10,INE00ER01015,10,2023
RCDL,Rajgor Castor Derivatives Limited,SM,2023-10-31,10,INE0BZQ01011,10,2023
WOMANCART,Womancart Limited,ST,2023-10-27,10,INE0Q9601016,10,2023
ARVINDPORT,ARVIND PORT AND INFRA LIMITED,SM,2023-10-25,10,INE0P4T01013,10,2023
COMMITTED,Committed Cargo Care Limited,SM,2023-10-18,10,INE597Z01014,10,2023
PLADAINFO,Plada Infotech Services Limited,SM,2023-10-13,10,INE0PXD01014,10,2023
KARNIKA,Karnika Industries Limited,SM,2023-10-12,10,INE0MGA01012,10,2023
SCML,Sharp Chucks and Machines Limited,SM,2023-10-12,10,INE460Q01014,10,2023
GOYALSALT,Goyal Salt Limited,SM,2023-10-11,10,INE0QFE01017,10,2023
CANARYS,Canarys Automations Limited,SM,2023-10-11,2,INE0QG301017,2,2023
OLIL,Oneclick Logistics India Limited,SM,2023-10-11,10,INE0OPS01011,10,2023
KONTOR,Kontor Space Limited,SM,2023-10-10,10,INE0KZ301010,10,2023
VISHNUINFR,Vishnusurya Projects and Infra Limited,SM,2023-10-10,10,INE0PQ001012,10,2023
ARABIAN,Arabian Petroleum Limited,SM,2023-10-09,10,INE08NJ01024,10,2023
EFACTOR,E Factor Experiences Limited,SM,2023-10-09,10,INE0KFF01017,10,2023
VINYAS,Vinyas Innovative Technologies Limited,SM,2023-10-06,10,INE0OLS01010,10,2023
NEWJAISA,Newjaisa Technologies Limited,ST,2023-10-05,5,INE0PW501021,5,2023
INSPIRE,Inspire Films Limited,SM,2023-10-05,10,INE0NDX01019,10,2023
MAL,Mangalam Alloys Limited,ST,2023-10-04,10,INE00C401011,10,2023
DIGIKORE,Digikore Studios Limited,SM,2023-10-04,10,INE0QJ901011,10,2023
SAAKSHI,Saakshi Medtech and Panels Limited,ST,2023-10-03,10,INE0PSK01027,10,2023
MASTER,Master Components Limited,SM,2023-09-29,10,INE0OJM01017,10,2023
MARCO,Marco Cables & Conductors Limited,SM,2023-09-28,10,INE0QP001012,10,2023
CELLECOR,Cellecor Gadgets Limited,SM,2023-09-28,1,INE0OMO01025,1,2023
HIGREEN,Hi-Green Carbon Limited,SM,2023-09-28,10,INE0PIC01017,10,2023
KODYTECH,Kody Technolab Limited,ST,2023-09-27,10,INE0Q7P01013,10,2023
MADHUSUDAN,Madhusudan Masala Limited,ST,2023-09-26,10,INE0P6701019,10,2023
VISDEM,Visdem Technosys Limited,SM,2023-09-26,10,INE0OWX01025,10,2023
CHAVDA,Chavda Infra Limited,ST,2023-09-25,10,INE0PT101017,10,2023
HOLMARC,Holmarc Opto-Mechatronics Limited,SM,2023-09-25,10,INE0LXA01019,10,2023
UNIHEALTH,Unihealth Hospitals Limited,SM,2023-09-21,10,INE0PRF01011,10,2023
JIWANRAM,Jiwanram Sheoduttrai Industries Limited,SM,2023-09-18,10,INE0N5H01017,10,2023
PRAMARA,Pramara Promotions Limited,SM,2023-09-13,10,INE0O7A01017,10,2023
SAROJA,Saroja Pharma Industries India Limited,SM,2023-09-13,10,INE0PCL01011,10,2023
BASILIC,Basilic Fly Studio Limited,SM,2023-09-11,10,INE0OCC01013,10,2023
CPS,C P S Shapers Limited,SM,2023-09-07,10,INE0QBU01012,10,2023
MONOPHARMA,Mono Pharmacare Limited,SM,2023-09-07,10,INE0OIP01012,10,2023
SEL,Sungarner Energies Limited,SM,2023-08-31,10,INE0O3O01017,10,2023
CLSL,Crop Life Science Limited,ST,2023-08-30,10,INE00NH01017,10,2023
SSFL,Srivari Spices And Foods Limited,ST,2023-08-18,10,INE0ON201012,10,2023
SANGANI,Sangani Hospitals Limited,SM,2023-08-17,10,INE0OVI01010,10,2023
YUDIZ,Yudiz Solutions Limited,SM,2023-08-17,10,INE09FA01019,10,2023
ORIANA,Oriana Power Limited,SM,2023-08-11,2,INE0OUT01027,2,2023
VINSYS,Vinsys IT Services India Limited,ST,2023-08-11,10,INE0OSJ01014,10,2023
ZEAL,Zeal Global Services Limited,SM,2023-08-09,10,INE0PPS01018,10,2023
SHRITECH,Shri Techtex Limited,SM,2023-08-04,10,INE0OMF01015,10,2023
YCCL,Yasons Chemex Care Limited,SM,2023-08-03,10,INE08S201019,10,2023
SERVICE,Service Care Limited,SM,2023-07-26,10,INE0P1Q01015,10,2023
DRONE,Drone Destination Limited,SM,2023-07-21,10,INE0P7201019,10,2023
SYNOPTICS,Synoptics Technologies Limited,SM,2023-07-13,10,INE0BTR01012,10,2023
TRIDHYA,Tridhya Tech Limited,SM,2023-07-13,10,INE0LWY01029,10,2023
GLOBALPET,Global Pet Industries Limited,SM,2023-07-10,10,INE0PS501019,10,2023
PENTAGON,Pentagon Rubber Limited,ST,2023-07-07,10,INE0ORS01017,10,2023
GREENCHEF,Greenchef Appliances Limited,SM,2023-07-06,10,INE0O7P01015,10,2023
MAGSON,Magson Retail And Distribution Limited,SM,2023-07-06,10,INE0O1S01012,10,2023
ESFL,Essen Speciality Films Limited,SM,2023-07-06,10,INE0ITO01014,10,2023
AATMAJ,Aatmaj Healthcare Limited,SM,2023-06-30,5,INE0OB201016,5,2023
VILINBIO,Vilin Bio Med Limited,ST,2023-06-30,10,INE0L4V01013,10,2023
CELLPOINT,Cell Point (India) Limited,SM,2023-06-28,10,INE0O0001013,10,2023
URBAN,Urban Enviro Waste Management Limited,SM,2023-06-22,10,INE0O0201019,10,2023
SPECTSTM,Spectrum Talent Management Limited,SM,2023-06-22,10,INE0OL001018,10,2023
KDL,Kore Digital Limited,SM,2023-06-14,10,INE0O4R01018,10,2023
SAHANA,Sahana System Limited,SM,2023-06-12,10,INE0LEX01011,10,2023
INFOLLION,Infollion Research Services Limited,SM,2023-06-08,10,INE0NNZ01013,10,2023
PROV,Proventus Agrocom Limited,SM,2023-06-05,10,INE0ONE01016,10,2023
DENTALKART,Vasa Denticity Limited,SM,2023-06-02,10,INE0N5801013,10,2023
CRAYONS,Crayons Advertising Limited,SM,2023-06-02,10,INE0OFK01019,10,2023
REMUS,Remus Pharmaceuticals Limited,SM,2023-05-29,10,INE0O5T01011,10,2023
KRISHCA,Krishca Strapping Solutions Limited,SM,2023-05-26,10,INE0NR701018,10,2023
AUROIMPEX,Auro Impex  & Chemicals Limited,ST,2023-05-23,10,INE0NUL01018,10,2023
DENEERS,De Neers Tools Limited,SM,2023-05-11,10,INE0JWV01011,10,2023
QUICKTOUCH,Quicktouch Technologies Limited,SM,2023-05-02,10,INE0K4D01020,10,2023
AGUL,A G Universal Limited,SM,2023-04-24,10,INE0O6N01012,10,2023
PATTECH,Pattech Fitwell Tube Components Limited,SM,2023-04-21,10,INE0NZW01014,10,2023
MOS,Mos Utility Limited,SM,2023-04-18,2,INE0N7S01028,2,2023
INFINIUM,Infinium Pharmachem Limited,ST,2023-04-17,10,INE0MRE01011,10,2023
SOTAC,Sotac Pharmaceuticals Limited,SM,2023-04-13,10,INE0O2D01012,10,2023
NIRMAN,Nirman Agri Genetics Limited,SM,2023-03-28,10,INE0OK701014,10,2023
QFIL,Quality Foils (India) Limited,SM,2023-03-24,10,INE0O1M01015,10,2023
VELS,Vels Film International Limited,SM,2023-03-22,10,INE0I3H01019,10,2023
MCON,Mcon Rasayan India Limited,SM,2023-03-20,10,INE0O4M01019,10,2023
SYSTANGO,Systango Technologies Limited,SM,2023-03-15,10,INE0O7R01011,10,2023
VERTEXPLUS,Vertexplus Technologies Limited,ST,2023-03-15,10,INE0NLB01018,10,2023
SRIVASAVI,Srivasavi Adhesive Tapes Limited,ST,2023-03-09,10,INE0NPI01014,10,2023
VIAZ,Viaz Tyres Limited,SM,2023-03-01,10,INE0MO401019,10,2023
AGARWALFT,Agarwal Float Glass India Limited,SM,2023-02-23,10,INE0MLA01012,10,2023
LRRPL,Lead Reclaim And Rubber Products Limited,SM,2023-02-21,10,INE0H4B01011,10,2023
SHERA,Shera Energy Limited,SM,2023-02-17,10,INE0MM001019,10,2023
GRCL,Gayatri Rubbers And Chemicals Limited,SM,2023-02-07,10,INE0LVM01018,10,2023
ARISTO,Aristo Bio-Tech And Lifescience Limited,SM,2023-01-30,10,INE082101010,10,2023
DUCOL,Ducol Organics And Colours Limited,SM,2023-01-19,10,INE0LZO01015,10,2023
CMNL,Chaman Metallics Limited,SM,2023-01-16,10,INE06PV01010,10,2023
ANLON,Anlon Technology Solutions Limited,SM,2023-01-10,10,INE0LR101013,10,2023
RBMINFRA,Rbm Infracon Limited,SM,2023-01-04,10,INE0NA301016,10,2023
HOMESFY,Homesfy Realty Limited,SM,2023-01-02,10,INE0N7F01017,10,2023
MOXSH,Moxsh Overseas Educon Limited,SM,2022-12-30,10,INE0N6D01014,10,2022
ARIHANTACA,Arihant Academy Limited,SM,2022-12-29,10,INE0NCC01015,10,2022
UMA,Uma Converter Limited,SM,2022-12-29,10,INE067901012,10,2022
ALLETEC,All E Technologies Limited,SM,2022-12-21,10,INE0M2X01012,10,2022
ARHAM,Arham Technologies Limited,SM,2022-12-15,10,INE0L2Y01011,10,2022
PRITIKA,Pritika Engineering Components Limited,SM,2022-12-08,5,INE0MJQ01020,5,2022
BAHETI,Baheti Recycling Industries Limited,SM,2022-12-08,10,INE029Q01017,10,2022
AMIABLE,Amiable Logistics (India) Limited,SM,2022-11-16,10,INE0MTP01013,10,2022
IPSL,Integrated Personnel Services Limited,SM,2022-11-11,10,INE02EE01019,10,2022
RITEZONE,Rite Zone Chemcon India Limited,SM,2022-11-11,10,INE0MRA01019,10,2022
PHANTOMFX,Phantom Digital Effects Limited,SM,2022-10-21,10,INE0MLZ01019,10,2022
FROG,Frog Innovations Limited,SM,2022-10-13,10,INE385O01018,10,2022
SWASTIK,Swastik Pipe Limited,ST,2022-10-12,10,INE0DGC01025,10,2022
LLOYDS,Lloyds Luxuries Limited,SM,2022-10-11,10,INE0DTQ01028,10,2022
CMRSL,Cyber Media Research & Services Limited,SM,2022-10-10,10,INE075Z01011,10,2022
MAKS,Maks Energy Solutions India Limited,SM,2022-09-28,10,INE0CDK01019,10,2022
KANDARP,Kandarp Digi Smart BPO Limited,SM,2022-09-28,10,INE0MOT01016,10,2022
TAPIFRUIT,Tapi Fruit Processing Limited,SM,2022-09-22,10,INE0M7001010,10,2022
ISHAN,Ishan International Limited,SM,2022-09-22,1,INE0LCW01025,1,2022
SABAR,Sabar Flex India Limited,ST,2022-09-21,10,INE0DZ101013,10,2022
MEGAFLEX,Mega Flex Plastics Limited,SM,2022-09-19,10,INE0G1D01014,10,2022
AMEYA,Ameya Precision Engineers Limited,SM,2022-09-08,10,INE0KT901015,10,2022
KORE,Jay Jalaram Technologies Limited,ST,2022-09-08,10,INE0J6801010,10,2022
JFLLIFE,Jfl Life Sciences Limited,SM,2022-09-08,10,INE0LA901015,10,2022
VEEKAYEM,Veekayem Fashion and Apparels Limited,SM,2022-08-22,10,INE0KTW01013,10,2022
USASEEDS,Upsurge Seeds Of Agriculture Limited,SM,2022-08-11,10,INE0CBM01019,10,2022
AGNI,Agni Green Power Limited,SM,2022-08-01,10,INE0LF301013,10,2022
SKP,SKP Bearing Industries Limited,SM,2022-07-13,10,INE0KZA01016,10,2022
KCK,Kck Industries Limited,ST,2022-07-08,2,INE0J1E01027,2,2022
FIDEL,Fidel Softech Limited,SM,2022-06-10,10,INE0LQQ01019,10,2022
RILINFRA,Rachana Infrastructure Limited,SM,2022-06-10,10,INE02OY01016,10,2022
GSTL,Globesecure Technologies Limited,SM,2022-06-02,10,INE00WS01056,10,2022
SONUINFRA,Sonu Infratech Limited,SM,2022-05-13,10,INE0JZA01018,10,2022
PROPEQUITY,P. E. Analytics Limited,SM,2022-04-04,10,INE0KN801013,10,2022
COOLCAPS,Cool Caps Industries Limited,SM,2022-03-24,2,INE0HS001028,2,2022
SPRL,Sp Refractories Limited,SM,2022-03-22,10,INE0JW501011,10,2022
SHIGAN,Shigan Quantum Technologies Limited,SM,2022-03-11,10,INE03KJ01013,10,2022
MADHAVBAUG,Vaidya Sane Ayurved Laboratories Limited,ST,2022-02-23,10,INE0JR301013,10,2022
RICHA,Richa Info Systems Limited,SM,2022-02-21,10,INE0J1P01015,10,2022
PRECISION,Precision Metaliks Limited,ST,2022-02-01,10,INE0HKW01018,10,2022
TIMESCAN,Timescan Logistics (India) Limited,SM,2022-01-12,10,INE0IJY01014,10,2022
VIVO,Vivo Collaboration Solutions Limited,ST,2021-12-31,10,INE0IA701014,10,2021
FOCE,Foce India Limited,SM,2021-12-28,10,INE0I7D01019,10,2021
NIDAN,Nidan Laboratories and Healthcare Limited,SM,2021-11-12,10,INE0J6L01013,10,2021
DKEGL,D.K. Enterprises Global Limited,SM,2021-10-22,10,INE0GN101014,10,2021
DESTINY,Destiny Logistics & Infra Limited,SM,2021-10-13,10,INE0IGO01011,10,2021
DYNAMIC,Dynamic Services & Security Limited,SM,2021-10-13,10,INE0DZ701010,10,2021
BMETRICS,Bombay Metrics Supply Chain Limited,SM,2021-10-12,10,INE0I3Y01014,10,2021
JAINAM,Jainam Ferro Alloys (I) Limited,SM,2021-10-08,10,INE02KC01010,10,2021
QUADPRO,Quadpro Ites Limited,ST,2021-09-30,2,INE0GOJ01027,2,2021
BEWLTD,BEW Engineering Limited,SM,2021-09-16,10,INE0HQI01014,10,2021
DUGLOBAL,DUDIGITAL GLOBAL LIMITED,SM,2021-08-26,2,INE0HPK01020,2,2021
REXPIPES,Rex Pipes And Cables Industries Limited,SM,2021-08-10,10,INE00D001018,10,2021
WALPAR,Walpar Nutritions Limited,SM,2021-07-13,10,INE0G2G01015,10,2021
AILIMITED,Abhishek Integrations Limited,SM,2021-06-21,10,INE0CAJ01017,10,2021
VMARCIND,V Marc India Limited,SM,2021-04-09,10,INE0GXK01018,10,2021
SIDDHIKA,Siddhika Coatings Limited,SM,2021-04-07,10,INE0A1E01018,10,2021
PARTYCRUS,Party Cruisers Limited,SM,2021-03-05,10,INE06ZX01015,10,2021
ASCOM,Ascom Leasing & Investments Limited,SM,2019-12-06,10,INE08KD01015,10,2019
GOLDKART,Goldkart Jewels Limited,SM,2019-10-15,10,INE06MH01016,10,2019
KHFM,Khfm Hospitality And Facility Management Services Limited,SM,2019-04-12,10,INE00UG01014,10,2019
MINDPOOL,Mindpool Technologies Limited,SM,2019-02-28,10,INE00RQ01019,10,2019
SURANI,Surani Steel Tubes Limited,SM,2019-02-06,10,INE01ZJ01015,10,2019
DRSDILIP,DRS Dilip Roadlines Limited,SM,2018-12-10,10,INE02CV01017,10,2018
SHUBHLAXMI,Shubhlaxmi Jewel Art Limited,SM,2018-12-04,10,INE01Z401013,10,2018
UWCSL,Ultra Wiring Connectivity System Limited,SM,2018-10-26,10,INE00F301010,10,2018
UCL,Ushanti Colour Chem Limited,ST,2018-08-02,10,INE00NI01015,10,2018
AMBANIORGO,AMBANI ORGOCHEM LIMITED,SM,2018-07-18,10,INE00C501018,10,2018
JAKHARIA,JAKHARIA FABRIC LIMITED,ST,2018-07-11,10,INE00N401018,10,2018
MAHICKRA,Mahickra Chemicals Limited,SM,2018-04-26,10,INE961Y01015,10,2018
VERA,Vera Synthetic Limited,SM,2018-04-12,10,INE709Z01015,10,2018
CONTI,Continental Seeds and Chemicals Limited,SM,2018-04-04,10,INE340Z01019,10,2018
GIRIRAJ,Giriraj Civil Developers Limited,SM,2018-04-02,10,INE614Z01017,10,2018
MDL,Marvel Decor Limited,SM,2018-03-23,10,INE575Z01010,10,2018
MHHL,Mohini Health & Hygiene Limited,SM,2018-02-16,10,INE450S01011,10,2018
PARAMPARA,PARAMPARA DAIRY DELIGHTS LIMITED,SM,2018-02-12,10,INE749Y01014,10,2018
VASA,Vasa Retail and Overseas Ltd,SM,2018-02-06,10,INE068Z01016,10,2018
SMVD,SMVD Poly Pack Limited,SM,2017-12-26,10,INE702Y01013,10,2017
FELIX,Felix Industries Limited,SM,2017-12-05,10,INE901X01013,10,2017
PULZ,Pulz Electronics Limited,SM,2017-11-24,10,INE335X01014,10,2017
AISL,ANI Integrated Services Limited,SM,2017-11-20,10,INE635Y01015,10,2017
MILTON,Milton Industries Limited,SM,2017-10-16,10,INE376Y01016,10,2017
OMFURN,Omfurn India Limited,SM,2017-10-13,10,INE338Y01016,10,2017
GOLDSTAR,Goldstar Power Limited,ST,2017-10-10,1,INE405Y01021,1,2017
TIRUPATI,Shree Tirupati Balajee FIBC Limited,SM,2017-10-05,10,INE238Y01018,10,2017
CADSYS,Cadsys (India) Limited,SM,2017-10-04,10,INE090Y01013,10,2017
MPTODAY,Madhya Pradesh Today Media Limited,SM,2017-09-29,10,INE105Y01019,10,2017
MANAV,Manav Infra Projects Limited,SM,2017-09-18,10,INE104Y01012,10,2017
TRANSWIND,Transwind Infrastructures Limited,SM,2017-07-12,10,INE792X01016,10,2017
ACCORD,Accord Synergy Limited,ST,2017-07-06,10,INE113X01015,10,2017
VSCL,Vadivarhe Speciality Chemicals Limited,SM,2017-06-02,10,INE551Q01028,10,2017
JALAN,Jalan Transolutions (India) Limited,ST,2017-05-31,10,INE349X01015,10,2017
AVATAR,AVATAR Industries Limited,SM,2017-04-18,10,INE617I01024,10,2017
PROLIFE,Prolife Industries Limited,SM,2017-01-09,10,INE994V01012,10,2017
DIRL,Dhanuka Infra Realty Limited,SM,2016-10-18,10,INE704V01015,10,2016
ALCODIS,Alcokraft Distilleries Limited,SM,2016-10-17,10,INE448V01019,10,2016
GRETEX,Gretex Industries Limited,SM,2016-10-14,10,INE985P01012,10,2016
JETKNIT,Jet Knitwears Limited,ST,2016-10-07,10,INE564T01017,10,2016
AVSL,AVSL Industries Limited,ST,2016-10-06,10,INE522V01011,10,2016
KKVAPOW,KKV Agro Powers Limited,SM,2016-07-15,10,INE239T01016,10,2016
PERFECT,Perfect Infraengineers Limited,SZ,2015-11-20,10,INE925S01012,10,2015
AHIMSA,Ahimsa Industries Limited,ST,2015-10-15,10,INE136T01014,10,2015
SHAIVAL,Shaival Reality Limited,ST,2015-10-01,10,INE262S01010,10,2015
EMKAYTOOLS,Emkay Taps and Cutting Tools Limited,SM,2015-08-13,10,INE332S01011,10,2015
